Rk,Player,Age,Pos,G,GS,MP,FG,FGA,FG%,3P,3PA,3P%,2P,2PA,2P%,eFG%,FT,FTA,FT%,ORB,DRB,TRB,AST,STL,BLK,TOV,PF,PTS,Awards,TEAM,ADP
1,Trae Young,26,PG,76,76,36.0,7.4,18.1,.411,2.9,8.4,.340,4.6,9.7,.474,.491,6.5,7.4,.875,0.5,2.6,3.1,11.6,1.2,0.2,4.7,1.9,24.2,,ATL,12.1
2,Jalen Johnson,23,SF,36,36,35.7,7.5,15.1,.500,1.2,3.9,.312,6.3,11.1,.566,.541,2.6,3.5,.746,1.7,8.3,10.0,5.0,1.6,1.0,2.9,1.9,18.9,,ATL,41.6
3,Dyson Daniels,21,SG,76,76,33.8,6.0,12.1,.493,1.1,3.1,.340,4.9,9.1,.545,.536,1.1,1.8,.593,1.6,4.3,5.9,4.4,3.0,0.7,2.0,2.3,14.1,,ATL,144
4,De'Andre Hunter,27,SF,37,4,28.8,6.1,13.3,.461,2.6,6.7,.393,3.5,6.6,.531,.560,4.1,4.8,.858,0.7,3.2,3.9,1.5,0.8,0.1,1.6,2.4,19.0,,ATL,145.9
5,Onyeka Okongwu,24,C,74,40,27.9,5.2,9.2,.567,0.6,2.0,.324,4.6,7.2,.634,.602,2.2,2.9,.759,3.0,5.9,8.9,2.3,0.9,0.9,1.2,2.6,13.4,,ATL,116.7
6,Jacob Toppin,24,SF,1,0,27.0,6.0,12.0,.500,5.0,8.0,.625,1.0,4.0,.250,.708,0.0,0.0,,1.0,3.0,4.0,2.0,0.0,0.0,1.0,0.0,17.0,,ATL,
7,Caris LeVert,30,SG,26,0,26.6,5.6,11.6,.482,1.8,5.2,.338,3.8,6.3,.600,.558,2.0,2.8,.722,0.7,3.0,3.7,2.9,0.9,0.5,1.0,2.0,14.9,,ATL,145.0
8,Bogdan Bogdanović,32,SG,24,0,24.9,3.5,9.3,.371,1.8,6.1,.301,1.6,3.3,.500,.469,1.3,1.4,.882,0.5,2.3,2.8,2.0,0.8,0.3,1.5,2.4,10.0,,ATL,91.2
9,Zaccharie Risacher,19,SF,75,73,24.6,4.8,10.4,.458,1.6,4.6,.355,3.1,5.8,.540,.537,1.4,2.0,.711,1.1,2.4,3.6,1.2,0.7,0.5,1.2,2.0,12.6,,ATL,139.4
10,Georges Niang,31,PF,28,2,23.0,4.3,9.7,.441,2.7,6.6,.413,1.6,3.1,.500,.581,0.8,1.0,.793,0.5,2.5,3.0,1.6,0.4,0.3,1.2,2.6,12.1,,ATL,
11,Terance Mann,28,SG,30,1,22.7,3.9,7.3,.541,1.1,2.9,.386,2.8,4.3,.646,.619,0.8,1.2,.667,1.2,1.9,3.1,2.1,0.6,0.1,0.7,2.0,9.8,,ATL,144.7
12,Clint Capela,30,C,55,41,21.4,4.0,7.1,.559,0.0,0.0,.000,4.0,7.1,.560,.559,0.9,1.8,.536,3.2,5.4,8.5,1.1,0.6,1.0,0.9,1.9,8.9,,ATL,106.9
13,Vit Krejci,24,PG,57,16,20.2,2.5,5.1,.497,1.6,3.6,.437,1.0,1.5,.640,.651,0.6,0.8,.711,0.4,2.4,2.7,2.6,0.6,0.5,0.9,1.8,7.2,,ATL,
14,Larry Nance Jr.,32,PF,24,3,19.3,3.3,6.5,.516,1.4,3.2,.447,1.9,3.3,.582,.626,0.4,0.5,.692,1.0,3.3,4.3,1.6,0.8,0.5,0.7,1.5,8.5,,ATL,
15,Garrison Mathews,28,SG,47,2,17.7,2.2,5.5,.397,1.8,4.6,.390,0.4,0.8,.436,.562,1.4,1.7,.821,0.3,1.6,1.9,1.3,0.6,0.3,0.7,1.7,7.5,,ATL,
16,Mouhamed Gueye,22,PF,33,28,16.2,2.2,5.2,.421,0.6,2.5,.259,1.5,2.7,.567,.482,1.0,1.3,.762,1.3,2.9,4.2,0.8,0.8,1.0,0.5,1.7,6.0,,ATL,
17,Keaton Wallace,25,PG,31,5,16.2,2.1,5.2,.401,0.9,2.6,.329,1.2,2.6,.475,.485,0.4,0.4,1.000,0.2,1.4,1.6,2.6,0.9,0.3,1.1,1.3,5.4,,ATL,
18,David Roddy,23,PF,27,3,12.8,1.6,3.4,.473,0.6,1.6,.372,1.0,1.9,.560,.559,0.7,0.8,.818,0.4,2.2,2.6,1.1,0.4,0.3,0.7,0.7,4.5,,ATL,
19,Kobe Bufkin,21,SG,10,0,12.4,1.8,4.7,.383,0.4,1.9,.211,1.4,2.8,.500,.426,1.3,1.8,.722,0.5,1.6,2.1,1.7,0.3,0.2,0.8,0.9,5.3,,ATL,
20,Daeqwon Plowden,26,SG,6,0,12.0,2.7,4.2,.640,1.5,2.8,.529,1.2,1.3,.875,.820,0.3,0.3,1.000,0.7,1.2,1.8,0.3,0.0,0.0,0.7,1.7,7.2,,ATL,
21,Dominick Barlow,21,SF,35,4,10.7,1.7,3.2,.531,0.2,0.8,.259,1.5,2.5,.616,.562,0.6,0.9,.636,1.0,1.4,2.4,0.5,0.3,0.5,0.1,1.3,4.2,,ATL,
1,Jayson Tatum,26,PF,72,72,36.4,9.2,20.3,.452,3.5,10.1,.343,5.7,10.2,.559,.537,5.0,6.1,.814,0.7,8.0,8.7,6.0,1.1,0.5,2.9,2.2,26.8,,BOS
2,Jaylen Brown,28,SF,63,63,34.3,8.2,17.7,.463,1.8,5.7,.324,6.4,12.1,.529,.515,3.9,5.1,.764,1.3,4.5,5.8,4.5,1.2,0.3,2.6,2.4,22.2,,BOS
3,Derrick White,30,SG,76,76,33.9,5.6,12.6,.442,3.5,9.1,.384,2.1,3.5,.593,.580,1.8,2.1,.839,0.9,3.6,4.5,4.8,0.9,1.1,1.7,1.8,16.4,,BOS
4,Jrue Holiday,34,PG,62,62,30.6,4.1,9.2,.443,1.7,4.9,.353,2.4,4.3,.547,.538,1.1,1.2,.909,1.2,3.0,4.3,3.9,1.1,0.4,1.2,1.6,11.1,,BOS
5,Kristaps Porziņģis,29,C,42,42,28.8,6.6,13.7,.483,2.5,6.0,.412,4.1,7.7,.537,.572,3.8,4.7,.809,1.6,5.1,6.8,2.1,0.7,1.5,1.3,2.8,19.5,,BOS
6,Payton Pritchard,27,PG,80,3,28.4,5.1,10.8,.472,3.2,7.8,.407,1.9,3.0,.642,.620,0.9,1.1,.845,1.3,2.6,3.8,3.5,0.9,0.2,1.0,1.5,14.3,,BOS
7,Al Horford,38,C,60,42,27.7,3.3,7.7,.423,1.9,5.2,.363,1.4,2.5,.551,.547,0.6,0.6,.895,1.3,4.8,6.2,2.1,0.6,0.9,0.8,1.4,9.0,,BOS
8,Sam Hauser,27,PF,71,19,21.7,3.0,6.7,.451,2.3,5.6,.416,0.7,1.1,.640,.627,0.2,0.2,1.000,0.6,2.5,3.2,0.9,0.6,0.2,0.3,1.2,8.5,,BOS
9,Luke Kornet,29,C,73,16,18.6,2.6,3.8,.668,0.0,0.0,.000,2.6,3.8,.675,.668,0.9,1.3,.691,2.6,2.7,5.3,1.6,0.5,1.0,0.4,1.6,6.0,,BOS
10,Neemias Queta,25,C,62,6,13.9,2.1,3.3,.650,0.0,0.0,.000,2.1,3.2,.660,.650,0.7,1.0,.754,1.4,2.4,3.8,0.7,0.3,0.7,0.6,1.7,5.0,,BOS
11,Baylor Scheierman,24,SG,31,2,12.4,1.3,3.5,.355,0.8,2.6,.317,0.4,0.9,.464,.473,0.3,0.4,.750,0.6,1.5,2.1,1.1,0.5,0.1,0.4,0.7,3.6,,BOS
12,Torrey Craig,34,SF,17,3,11.8,0.9,2.6,.356,0.5,1.8,.290,0.4,0.8,.500,.456,0.3,0.5,.625,1.1,1.7,2.8,0.7,0.4,0.6,0.5,1.1,2.7,,BOS
13,Miles Norris,24,PF,3,0,11.7,0.7,3.0,.222,0.7,2.3,.286,0.0,0.7,.000,.333,0.3,0.7,.500,0.7,2.3,3.0,0.0,0.7,0.3,0.0,0.0,2.3,,BOS
14,Jordan Walsh,20,PF,52,1,7.8,0.6,1.6,.361,0.3,1.1,.273,0.3,0.5,.536,.452,0.1,0.2,.583,0.4,0.9,1.3,0.4,0.2,0.2,0.3,0.6,1.6,,BOS
15,Drew Peterson,25,PF,25,1,7.4,0.7,1.6,.415,0.5,1.3,.394,0.2,0.3,.500,.573,0.3,0.4,.778,0.4,1.2,1.6,0.5,0.2,0.1,0.3,0.7,2.2,,BOS
16,Xavier Tillman Sr.,26,C,33,2,7.0,0.4,1.6,.245,0.2,1.0,.156,0.2,0.6,.381,.292,0.1,0.1,.750,0.3,1.0,1.3,0.2,0.3,0.2,0.4,0.5,1.0,,BOS
17,JD Davison,22,PG,16,0,5.8,0.8,2.1,.353,0.3,1.1,.222,0.5,1.0,.500,.412,0.3,0.4,.714,0.1,0.7,0.8,0.8,0.3,0.1,0.8,0.1,2.1,,BOS
18,Jaden Springer,22,SG,26,0,5.4,0.5,1.3,.353,0.2,0.7,.316,0.2,0.6,.400,.441,0.6,0.8,.714,0.2,0.8,0.9,0.4,0.5,0.0,0.2,0.7,1.7,,BOS
1,Dennis Schröder,31,PG,23,23,33.6,6.4,14.1,.452,2.5,6.5,.387,3.9,7.6,.509,.542,3.1,3.5,.889,0.2,2.8,3.0,6.6,1.1,0.2,2.6,2.4,18.4,,BRK
2,Cameron Johnson,28,PF,57,57,31.6,6.2,13.1,.475,2.8,7.2,.390,3.4,5.9,.578,.582,3.5,3.9,.893,0.9,3.4,4.3,3.4,0.9,0.4,1.7,1.8,18.8,,BRK
3,Cam Thomas,23,SG,25,23,31.2,8.0,18.2,.438,2.7,7.8,.349,5.2,10.4,.506,.513,5.3,6.0,.881,0.6,2.7,3.3,3.8,0.6,0.1,2.5,1.8,24.0,,BRK
4,Dorian Finney-Smith,31,PF,20,20,29.0,3.7,8.0,.459,2.4,5.4,.435,1.3,2.6,.510,.607,0.8,1.2,.625,1.6,3.0,4.6,1.6,0.9,0.6,0.9,2.7,10.4,,BRK
5,Drew Timme,24,PF,9,2,28.2,5.0,11.3,.441,1.0,3.9,.257,4.0,7.4,.537,.485,1.1,1.8,.625,1.9,5.3,7.2,2.2,0.4,0.1,1.7,2.3,12.1,,BRK
6,Killian Hayes,23,PG,6,5,27.0,3.0,7.2,.419,1.3,3.5,.381,1.7,3.7,.455,.512,1.7,2.0,.833,0.8,2.2,3.0,5.2,0.7,0.7,1.5,2.2,9.0,,BRK
7,Nic Claxton,25,C,70,62,26.9,4.6,8.1,.563,0.1,0.3,.238,4.5,7.8,.576,.568,1.1,2.2,.513,2.2,5.1,7.4,2.2,0.9,1.4,1.2,2.1,10.3,,BRK
8,Jalen Wilson,24,PF,79,22,25.7,3.1,7.8,.397,1.5,4.6,.337,1.6,3.3,.481,.495,1.7,2.1,.818,0.9,2.5,3.4,1.8,0.5,0.1,1.0,2.1,9.5,,BRK
9,Ben Simmons,28,PG,33,24,25.0,2.8,5.2,.547,0.0,0.0,,2.8,5.2,.547,.547,0.5,0.8,.692,0.9,4.3,5.2,6.9,0.8,0.5,2.7,2.5,6.2,,BRK
10,D'Angelo Russell,28,PG,29,26,24.7,4.1,11.3,.367,2.0,6.6,.297,2.2,4.7,.467,.454,2.6,3.2,.826,0.4,2.4,2.8,5.6,1.1,0.7,2.0,2.1,12.9,,BRK
11,Ziaire Williams,23,SF,63,45,24.5,3.4,8.3,.412,1.6,4.8,.341,1.8,3.5,.509,.511,1.6,2.0,.821,1.0,3.6,4.6,1.3,1.0,0.4,1.1,2.4,10.0,,BRK
12,Keon Johnson,22,SG,79,56,24.4,3.8,9.9,.389,1.6,5.1,.314,2.2,4.8,.468,.470,1.4,1.8,.770,0.8,3.0,3.8,2.2,1.0,0.4,1.5,2.6,10.6,,BRK
13,Tosan Evbuomwan,23,SF,28,0,23.8,3.4,7.9,.427,0.9,2.8,.312,2.5,5.1,.490,.482,2.0,2.6,.753,1.1,3.1,4.3,2.0,0.9,0.4,1.4,2.0,9.5,,BRK
14,Noah Clowney,20,PF,46,20,22.7,2.9,8.1,.358,1.9,5.7,.333,1.0,2.4,.414,.474,1.5,1.7,.838,0.9,3.0,3.9,0.9,0.5,0.5,1.0,2.3,9.1,,BRK
15,Tyrese Martin,25,SG,60,11,21.9,3.2,7.8,.406,1.7,4.7,.351,1.5,3.1,.492,.513,0.8,1.0,.793,1.0,2.7,3.7,2.0,0.6,0.2,1.2,1.3,8.7,,BRK
16,Tyson Etienne,25,PG,7,0,21.6,2.4,7.4,.327,1.9,6.3,.295,0.6,1.1,.500,.452,1.1,1.4,.800,0.4,0.9,1.3,1.7,0.4,0.1,1.1,2.4,7.9,,BRK
17,Trendon Watford,24,PF,44,6,20.8,3.7,8.0,.469,0.7,2.0,.330,3.1,6.0,.515,.510,2.1,2.8,.762,0.8,2.8,3.6,2.6,0.6,0.3,1.9,2.2,10.2,,BRK
18,Shake Milton,28,SG,27,1,18.2,2.7,5.8,.465,1.0,2.7,.389,1.7,3.1,.529,.554,0.9,1.2,.758,0.6,1.3,1.9,2.4,0.6,0.0,0.7,1.6,7.4,,BRK
19,Day'Ron Sharpe,23,C,50,2,18.1,3.3,6.3,.521,0.2,0.9,.244,3.1,5.4,.566,.538,1.1,1.5,.757,3.0,3.6,6.6,1.8,0.8,0.8,1.3,2.3,7.9,,BRK
20,Maxwell Lewis,22,SF,21,1,14.2,2.0,4.9,.422,0.9,2.4,.380,1.1,2.5,.462,.515,0.3,0.5,.700,0.8,1.8,2.5,0.8,0.4,0.3,0.6,1.3,5.3,,BRK
21,Reece Beekman,23,PG,34,4,13.7,1.0,3.1,.321,0.2,1.2,.175,0.8,1.9,.409,.354,0.5,0.6,.762,0.4,0.8,1.1,1.8,0.9,0.1,0.6,1.0,2.7,,BRK
22,Dariq Whitehead,20,SF,20,0,12.3,2.0,4.8,.406,1.7,3.7,.446,0.3,1.1,.273,.578,0.2,0.3,.600,0.2,1.3,1.5,0.6,0.3,0.1,0.8,1.1,5.7,,BRK
23,Cui Yongxi,21,SG,5,0,2.0,0.2,1.4,.143,0.0,0.6,.000,0.2,0.8,.250,.143,0.2,0.4,.500,0.0,0.4,0.4,0.0,0.0,0.0,0.0,0.0,0.6,,BRK
24,Jaylen Martin,21,SF,3,0,1.7,0.3,0.7,.500,0.3,0.3,1.000,0.0,0.3,.000,.750,0.0,0.0,,0.0,0.0,0.0,0.0,0.0,0.0,0.0,0.3,1.0,,BRK
1,Zach LaVine,29,SF,42,42,34.1,8.6,16.9,.511,3.2,7.3,.446,5.4,9.6,.560,.607,3.5,4.3,.797,0.3,4.5,4.8,4.5,0.9,0.2,2.9,1.5,24.0,,CHI
2,Coby White,24,SG,74,73,33.1,6.9,15.1,.453,2.9,7.9,.370,3.9,7.3,.544,.550,3.7,4.1,.902,0.3,3.4,3.7,4.5,0.9,0.2,2.4,2.1,20.4,,CHI
3,Nikola Vučević,34,C,73,72,31.2,7.5,14.2,.530,1.8,4.4,.402,5.8,9.8,.587,.592,1.6,2.0,.805,2.4,7.6,10.1,3.5,0.8,0.7,1.6,2.2,18.5,,CHI
4,Ayo Dosunmu,25,SG,46,26,30.3,4.8,9.8,.492,1.3,4.1,.328,3.5,5.7,.612,.561,1.3,1.7,.785,0.6,2.9,3.5,4.5,0.9,0.4,1.5,2.3,12.3,,CHI
5,Josh Giddey,22,PG,70,69,30.2,5.3,11.4,.465,1.5,4.0,.378,3.8,7.4,.512,.531,2.5,3.2,.781,1.8,6.3,8.1,7.2,1.2,0.6,2.9,1.7,14.6,,CHI
6,Kevin Huerter,26,SG,26,16,30.0,5.0,11.3,.439,2.7,7.2,.376,2.3,4.2,.546,.558,0.6,0.8,.714,0.4,2.8,3.3,3.2,1.2,0.3,1.2,2.0,13.2,,CHI
7,Tre Jones,25,PG,18,9,25.3,4.6,8.1,.572,0.6,1.2,.500,4.0,6.8,.585,.610,1.7,1.9,.882,0.9,2.3,3.2,4.9,1.1,0.3,0.8,1.2,11.5,,CHI
8,Patrick Williams,23,PF,63,36,25.0,3.3,8.2,.397,1.5,4.3,.353,1.7,3.9,.447,.490,1.0,1.3,.723,0.7,3.1,3.8,2.0,0.8,0.5,1.4,1.4,9.0,,CHI
9,Lonzo Ball,27,PG,35,14,22.2,2.5,6.9,.366,1.9,5.6,.344,0.6,1.4,.458,.504,0.6,0.8,.815,0.7,2.7,3.4,3.3,1.3,0.5,1.2,1.6,7.6,,CHI
10,Zach Collins,27,PF,28,8,19.7,3.3,6.1,.541,0.6,2.1,.300,2.6,3.9,.673,.594,1.4,1.5,.884,2.3,4.4,6.7,2.1,0.5,0.5,1.3,2.2,8.6,,CHI
11,Matas Buzelis,20,SF,80,31,18.9,3.2,6.9,.454,1.2,3.3,.361,2.0,3.6,.540,.541,1.1,1.4,.815,0.7,2.8,3.5,1.0,0.4,0.9,0.9,1.6,8.6,,CHI
12,Jalen Smith,24,C,64,2,15.0,3.0,6.4,.466,1.1,3.5,.324,1.8,2.9,.634,.554,1.1,1.4,.809,1.4,4.2,5.6,1.0,0.3,0.7,0.6,1.5,8.2,,CHI
13,Julian Phillips,21,SF,79,5,14.2,1.6,3.6,.446,0.6,1.9,.327,1.0,1.7,.582,.533,0.8,1.0,.789,0.8,1.3,2.1,0.5,0.5,0.3,0.3,1.4,4.6,,CHI
14,Dalen Terry,22,SG,73,5,13.5,1.6,3.7,.448,0.5,1.4,.356,1.1,2.2,.506,.517,0.7,0.9,.710,0.5,1.2,1.7,1.3,0.6,0.2,0.7,1.6,4.5,,CHI
15,Torrey Craig,34,SF,9,1,12.6,2.4,5.0,.489,1.7,3.9,.429,0.8,1.1,.700,.656,0.3,0.4,.750,0.9,1.9,2.8,0.6,0.2,0.1,0.0,1.7,6.9,,CHI
16,Talen Horton-Tucker,24,SG,58,0,12.5,2.3,5.0,.457,0.7,2.1,.336,1.6,2.9,.544,.527,1.2,1.7,.735,0.3,1.4,1.7,1.4,0.4,0.2,0.7,1.0,6.5,,CHI
17,Jevon Carter,29,PG,36,1,8.9,1.5,4.1,.377,1.0,2.9,.333,0.6,1.1,.488,.497,0.2,0.3,.800,0.1,1.0,1.1,1.1,0.4,0.1,0.3,0.4,4.3,,CHI
18,Adama Sanogo,22,C,4,0,5.3,1.0,1.8,.571,0.0,0.0,,1.0,1.8,.571,.571,0.0,0.0,,1.3,0.3,1.5,0.3,0.0,0.0,0.3,0.3,2.0,,CHI
19,Jahmir Young,24,PG,6,0,5.0,0.7,0.8,.800,0.2,0.3,.500,0.5,0.5,1.000,.900,0.3,0.3,1.000,0.2,0.3,0.5,1.0,0.0,0.0,0.2,0.3,1.8,,CHI
20,E.J. Liddell,24,PF,12,0,4.4,0.7,1.3,.533,0.3,0.8,.300,0.4,0.4,1.000,.633,0.2,0.2,1.000,0.3,0.5,0.8,0.3,0.1,0.1,0.2,0.9,1.8,,CHI
21,Chris Duarte,27,SG,17,0,4.4,0.7,1.5,.462,0.4,0.9,.400,0.4,0.6,.545,.577,0.4,0.5,.750,0.3,0.9,1.2,0.5,0.0,0.0,0.1,0.4,2.1,,CHI
22,Emanuel Miller,24,PF,6,0,4.2,0.7,1.3,.500,0.0,0.2,.000,0.7,1.2,.571,.500,0.3,0.3,1.000,0.7,0.7,1.3,0.3,0.2,0.0,0.0,0.5,1.7,,CHI
1,Brandon Miller,22,SF,27,27,34.2,7.3,18.2,.403,3.9,10.9,.355,3.5,7.3,.475,.509,2.5,2.9,.861,0.9,3.9,4.9,3.6,1.1,0.7,2.8,2.7,21.0,,CHO
2,LaMelo Ball,23,PG,47,47,32.0,8.6,21.3,.405,3.8,11.2,.339,4.8,10.1,.478,.494,4.1,4.9,.843,1.0,3.9,4.9,7.4,1.1,0.3,3.6,3.3,25.2,,CHO
3,Miles Bridges,26,PF,64,64,31.7,7.3,17.0,.431,2.2,7.0,.313,5.1,10.0,.513,.495,3.5,4.0,.870,1.1,6.4,7.5,3.9,0.7,0.7,2.1,1.5,20.3,,CHO
4,Grant Williams,26,PF,16,7,29.9,3.4,7.7,.439,1.7,4.6,.365,1.7,3.1,.551,.549,1.9,2.3,.838,1.1,4.0,5.1,2.3,1.1,0.8,1.8,2.9,10.4,,CHO
5,Josh Green,24,SG,68,67,27.8,2.6,6.2,.428,1.4,3.6,.391,1.2,2.5,.480,.543,0.7,1.1,.681,0.8,1.7,2.5,1.6,1.1,0.2,1.0,2.4,7.4,,CHO
6,Mark Williams,23,C,44,41,26.6,6.1,10.2,.604,0.0,0.1,.000,6.1,10.1,.609,.604,3.0,3.7,.804,3.0,7.2,10.2,2.5,0.7,1.2,1.6,2.4,15.3,,CHO
7,Cody Martin,29,SF,39,8,24.8,3.0,6.9,.433,1.0,3.2,.323,1.9,3.7,.528,.507,0.9,1.3,.694,1.0,3.5,4.5,2.3,1.1,0.7,1.1,1.8,7.8,,CHO
8,Damion Baugh,24,SG,15,2,24.7,2.8,8.7,.323,0.8,3.7,.214,2.0,4.9,.405,.369,0.9,1.0,.867,0.9,2.4,3.3,3.7,1.0,0.1,2.1,1.5,7.3,,CHO
9,Tre Mann,23,PG,13,0,24.5,5.4,12.4,.435,1.8,4.6,.400,3.5,7.8,.455,.509,1.5,1.6,.905,0.9,2.0,2.9,3.0,0.5,0.3,1.9,1.8,14.1,,CHO
10,KJ Simpson,22,PG,36,15,23.4,2.9,8.4,.346,0.9,3.6,.254,2.0,4.8,.415,.400,1.1,1.4,.820,1.1,1.9,3.0,3.1,0.9,0.2,1.6,1.6,7.8,,CHO
11,DaQuan Jeffries,27,SG,47,20,22.8,2.5,6.2,.405,1.2,3.5,.335,1.3,2.7,.496,.500,0.5,0.6,.800,0.8,2.1,2.9,1.1,0.6,0.5,0.7,2.1,6.7,,CHO
12,Nick Smith Jr.,20,SG,60,27,22.8,3.7,9.5,.391,1.7,5.1,.340,2.0,4.4,.450,.482,0.7,0.8,.935,0.2,1.9,2.1,2.4,0.3,0.1,1.4,1.3,9.9,,CHO
13,Vasilije Micić,31,PG,36,16,21.2,2.6,7.6,.348,1.3,3.5,.360,1.4,4.1,.338,.430,0.9,1.1,.829,0.6,1.9,2.4,3.5,0.4,0.0,2.1,1.2,7.5,,CHO
14,Nick Richards,27,C,21,9,21.0,3.0,5.4,.561,0.0,0.0,.000,3.0,5.4,.566,.561,2.8,4.1,.678,2.4,5.1,7.5,1.3,0.3,1.2,1.6,2.3,8.9,,CHO
15,Tidjane Salaün,19,PF,60,10,20.7,1.9,5.8,.330,1.0,3.4,.283,0.9,2.3,.400,.414,1.1,1.6,.713,1.2,3.5,4.7,1.2,0.5,0.2,1.0,1.4,5.9,,CHO
16,Elfrid Payton,30,PG,6,2,20.5,0.5,3.5,.143,0.0,0.0,,0.5,3.5,.143,.143,0.0,0.0,,0.2,2.0,2.2,3.3,1.0,0.5,1.2,2.0,1.0,,CHO
17,Marcus Garrett,26,SG,4,0,19.8,2.8,6.8,.407,0.8,2.0,.375,2.0,4.8,.421,.463,0.8,1.0,.750,0.3,1.3,1.5,3.3,0.8,0.5,1.5,2.5,7.0,,CHO
18,Jaylen Sims,26,SG,6,0,18.7,2.0,4.7,.429,1.0,2.5,.400,1.0,2.2,.462,.536,2.0,2.5,.800,0.5,0.5,1.0,2.0,0.5,0.2,1.3,1.7,7.0,,CHO
19,Josh Okogie,26,SG,15,6,18.3,2.5,6.5,.388,1.1,3.3,.320,1.5,3.2,.458,.469,2.7,3.5,.774,0.9,1.9,2.7,1.3,1.8,0.5,1.0,1.3,8.9,,CHO
20,Jusuf Nurkić,30,C,26,9,18.1,3.6,7.3,.497,0.5,1.8,.283,3.1,5.5,.566,.532,1.4,2.3,.627,1.5,5.0,6.5,2.6,0.7,0.7,1.5,2.0,9.2,,CHO
21,Wendell Moore Jr.,23,SG,16,0,17.5,2.3,4.8,.474,0.6,1.7,.370,1.6,3.1,.531,.539,0.3,0.5,.625,1.2,2.0,3.2,1.2,0.6,0.1,1.1,1.0,5.4,,CHO
22,Moussa Diabaté,23,C,71,8,17.5,2.4,3.9,.596,0.0,0.1,.000,2.4,3.9,.609,.596,1.0,1.6,.595,2.6,3.5,6.2,0.8,0.6,0.6,0.9,1.5,5.7,,CHO
23,Seth Curry,34,SG,68,14,15.6,2.4,5.0,.478,1.2,2.7,.456,1.2,2.4,.503,.599,0.5,0.6,.846,0.4,1.3,1.7,0.9,0.4,0.1,0.5,0.9,6.5,,CHO
24,Isaiah Wong,24,SG,20,0,13.3,2.1,5.3,.390,0.7,1.7,.394,1.4,3.6,.389,.452,1.3,1.7,.735,0.7,0.9,1.6,1.4,0.6,0.0,0.9,1.1,6.0,,CHO
25,Taj Gibson,39,C,37,11,11.1,1.3,2.6,.495,0.0,0.1,.500,1.2,2.5,.495,.500,0.3,0.5,.600,1.4,1.9,3.2,0.6,0.2,0.5,0.7,1.5,2.9,,CHO
26,Malachi Flynn,26,PG,4,0,11.0,1.3,3.3,.385,0.3,1.0,.250,1.0,2.3,.444,.423,1.3,1.5,.833,0.8,1.0,1.8,1.8,0.8,0.0,1.0,1.0,4.0,,CHO
27,Jared Rhoden,25,SG,4,0,3.0,0.5,2.0,.250,0.0,0.5,.000,0.5,1.5,.333,.250,0.0,0.0,,0.5,0.5,1.0,0.5,0.3,0.0,0.3,0.3,1.0,,CHO
1,Donovan Mitchell,28,SG,71,71,31.4,8.2,18.6,.443,3.3,8.9,.368,5.0,9.7,.512,.531,4.2,5.1,.823,0.8,3.7,4.5,5.0,1.3,0.2,2.1,2.0,24.0,,CLE
2,Darius Garland,25,PG,75,75,30.7,7.4,15.7,.472,2.8,7.1,.401,4.6,8.6,.530,.562,3.0,3.4,.878,0.6,2.2,2.9,6.7,1.2,0.1,2.5,1.9,20.6,,CLE
3,Evan Mobley,23,PF,71,71,30.5,7.1,12.8,.557,1.2,3.2,.370,5.9,9.5,.621,.604,3.1,4.3,.725,2.3,7.0,9.3,3.2,0.9,1.6,2.0,2.0,18.5,,CLE
4,Jarrett Allen,26,C,82,82,28.0,5.5,7.8,.706,0.0,0.1,.000,5.5,7.7,.712,.706,2.4,3.4,.718,2.6,7.1,9.7,1.9,0.9,0.9,1.2,1.5,13.5,,CLE
5,Max Strus,28,SF,50,37,25.5,3.3,7.5,.442,2.3,5.9,.386,1.0,1.6,.650,.594,0.6,0.7,.824,1.1,3.3,4.3,3.2,0.5,0.2,1.1,2.1,9.4,,CLE
6,De'Andre Hunter,27,SF,27,5,25.0,4.9,10.0,.485,2.2,5.2,.426,2.6,4.8,.550,.596,2.4,2.9,.821,0.6,3.6,4.2,1.3,0.7,0.3,0.9,2.5,14.3,,CLE
7,Caris LeVert,30,SF,38,3,23.8,3.6,7.8,.453,1.6,3.9,.405,2.0,3.9,.500,.554,1.5,2.2,.699,0.6,2.2,2.8,3.7,0.9,0.5,1.3,1.3,10.2,,CLE
8,Dean Wade,28,PF,59,30,21.2,1.9,4.6,.413,1.4,3.8,.360,0.5,0.8,.653,.561,0.3,0.5,.533,0.9,3.4,4.2,1.3,0.7,0.3,0.4,1.7,5.4,,CLE
9,Georges Niang,31,PF,51,1,20.6,3.3,6.8,.477,1.8,4.4,.400,1.5,2.4,.618,.606,0.5,0.6,.793,0.7,3.0,3.7,1.3,0.3,0.1,0.9,2.5,8.7,,CLE
10,Ty Jerome,27,SG,70,3,19.9,4.6,8.8,.516,1.6,3.6,.439,3.0,5.2,.570,.606,1.8,2.1,.872,0.7,1.8,2.5,3.4,1.1,0.0,1.3,1.5,12.5,,CLE
11,Sam Merrill,28,SG,71,4,19.7,2.4,6.0,.406,1.9,5.2,.372,0.5,0.8,.625,.567,0.4,0.4,.966,0.5,1.7,2.2,1.5,0.7,0.2,0.5,1.7,7.2,,CLE
12,Isaac Okoro,24,SG,55,22,19.1,2.3,4.9,.464,1.0,2.7,.371,1.2,2.1,.586,.569,0.6,0.8,.717,0.9,1.5,2.4,1.2,0.6,0.3,0.4,1.9,6.1,,CLE
13,Nae'Qwan Tomlin,24,PF,5,1,12.6,2.6,6.4,.406,0.4,2.0,.200,2.2,4.4,.500,.438,1.6,2.2,.727,1.8,2.4,4.2,0.4,0.0,0.2,0.4,1.8,7.2,,CLE
14,Chuma Okeke,26,PF,2,0,12.5,1.0,3.5,.286,0.5,3.0,.167,0.5,0.5,1.000,.357,0.0,0.0,,0.5,1.5,2.0,1.0,0.0,0.5,0.0,0.0,2.5,,CLE
15,Craig Porter Jr.,24,PG,51,1,10.1,1.4,2.7,.514,0.4,0.9,.438,1.0,1.8,.554,.589,0.5,0.6,.719,0.4,0.9,1.3,1.4,0.3,0.3,0.7,0.5,3.7,,CLE
16,Jaylon Tyson,22,SG,47,3,9.6,1.4,3.2,.430,0.4,1.2,.345,0.9,1.9,.484,.497,0.4,0.5,.792,0.8,1.3,2.0,0.9,0.3,0.1,0.6,1.1,3.6,,CLE
17,Javonte Green,31,SG,18,1,9.2,1.3,3.5,.365,0.4,1.8,.242,0.8,1.7,.500,.429,0.3,0.6,.500,0.6,1.7,2.2,0.6,0.6,0.1,0.2,1.2,3.3,,CLE
18,Tristan Thompson,33,C,40,0,8.2,0.8,1.8,.437,0.0,0.1,.000,0.8,1.7,.456,.437,0.2,0.8,.233,0.8,2.6,3.4,0.6,0.1,0.3,0.4,0.9,1.7,,CLE
19,Emoni Bates,21,SF,10,0,7.5,1.3,3.8,.342,1.1,3.0,.367,0.2,0.8,.250,.487,0.0,0.0,,0.0,0.7,0.7,0.8,0.1,0.1,0.2,0.4,3.7,,CLE
20,Luke Travers,23,SG,12,0,7.3,0.4,1.7,.250,0.0,0.8,.000,0.4,0.9,.455,.250,0.2,0.2,1.000,0.7,1.0,1.7,0.7,0.1,0.1,0.7,0.5,1.0,,CLE
21,JT Thor,22,PF,9,0,4.7,1.0,1.7,.600,0.3,0.7,.500,0.7,1.0,.667,.700,0.8,0.9,.875,0.3,0.3,0.7,0.1,0.2,0.3,0.7,0.7,3.1,,CLE
1,Kyrie Irving,32,SG,50,50,36.1,8.9,18.9,.473,2.9,7.2,.401,6.1,11.7,.517,.549,3.9,4.3,.916,1.2,3.6,4.8,4.6,1.3,0.5,2.2,2.0,24.7,,DAL
2,Luka Dončić,25,PG,22,22,35.7,9.8,21.2,.464,3.4,9.6,.354,6.4,11.5,.555,.544,5.1,6.6,.767,0.7,7.6,8.3,7.8,2.0,0.4,3.4,2.6,28.1,,DAL
3,P.J. Washington,26,PF,57,56,32.2,5.3,11.7,.453,1.6,4.2,.381,3.7,7.5,.493,.521,2.5,3.5,.722,1.4,6.3,7.8,2.3,1.1,1.1,2.1,2.3,14.7,,DAL
4,Max Christie,21,SG,32,11,30.4,3.9,9.4,.411,1.7,4.7,.364,2.2,4.7,.457,.502,1.8,2.0,.862,0.4,3.8,4.2,2.5,0.9,0.3,1.5,1.3,11.2,,DAL
5,Anthony Davis,31,PF,9,9,29.6,7.8,16.9,.461,0.8,3.3,.233,7.0,13.6,.516,.484,3.7,5.3,.688,1.7,8.4,10.1,4.4,0.6,2.2,2.2,1.8,20.0,,DAL
6,Naji Marshall,27,SF,69,31,27.8,5.2,10.3,.508,0.9,3.2,.275,4.4,7.2,.611,.551,1.9,2.3,.813,1.1,3.7,4.8,3.0,1.0,0.2,1.6,1.6,13.2,,DAL
7,Klay Thompson,34,SF,72,72,27.3,5.0,12.2,.412,3.0,7.7,.391,2.0,4.5,.448,.535,0.9,1.0,.905,0.6,2.8,3.4,2.0,0.7,0.4,1.2,1.1,14.0,,DAL
8,Spencer Dinwiddie,31,PG,79,30,27.0,3.6,8.6,.416,1.4,4.1,.334,2.2,4.5,.492,.496,2.5,3.1,.802,0.2,2.4,2.6,4.4,0.9,0.2,1.3,1.5,11.0,,DAL
9,Dereck Lively II,20,C,36,29,23.1,3.7,5.3,.702,0.0,0.0,,3.7,5.3,.702,.702,1.3,2.0,.630,2.9,4.6,7.5,2.4,0.6,1.6,1.1,2.8,8.7,,DAL
10,Quentin Grimes,24,SG,47,12,22.8,3.6,7.8,.463,1.7,4.3,.398,1.9,3.5,.543,.573,1.3,1.7,.765,0.6,3.2,3.8,2.1,0.7,0.2,1.3,1.7,10.2,,DAL
11,Kai Jones,24,C,12,6,21.7,5.1,6.1,.836,0.1,0.3,.333,5.0,5.8,.857,.842,1.2,1.7,.700,2.1,4.5,6.6,1.3,0.8,0.8,0.7,2.3,11.4,,DAL
12,Daniel Gafford,26,C,57,31,21.5,5.0,7.1,.702,0.0,0.0,,5.0,7.1,.702,.702,2.4,3.4,.689,2.7,4.1,6.8,1.4,0.4,1.8,1.2,2.7,12.3,,DAL
13,Caleb Martin,29,SF,14,0,19.6,2.0,5.1,.389,0.3,1.1,.250,1.7,4.0,.429,.417,1.1,1.7,.625,0.7,2.2,2.9,1.9,0.9,0.2,0.9,1.7,5.4,,DAL
14,Maxi Kleber,33,PF,34,4,18.7,1.1,2.8,.385,0.4,1.4,.265,0.7,1.4,.511,.453,0.5,0.6,.762,0.7,2.1,2.8,1.3,0.3,0.5,0.7,1.9,3.0,,DAL
15,Dante Exum,29,PG,20,13,18.6,3.2,6.7,.478,1.2,2.7,.434,2.1,4.1,.506,.563,1.2,1.6,.742,0.2,1.5,1.7,2.8,0.6,0.2,1.1,1.7,8.7,,DAL
16,Moses Brown,25,C,4,2,18.3,5.3,7.3,.724,0.0,0.0,,5.3,7.3,.724,.724,1.3,1.5,.833,2.0,5.8,7.8,0.5,1.0,0.8,1.3,2.8,11.8,,DAL
17,Jaden Hardy,22,SG,57,3,15.9,3.2,7.3,.435,1.3,3.5,.386,1.8,3.8,.479,.527,1.1,1.5,.698,0.2,1.4,1.6,1.4,0.5,0.1,1.4,1.6,8.7,,DAL
18,Kessler Edwards,24,SF,40,18,15.2,1.7,3.4,.496,0.6,1.4,.407,1.1,2.0,.556,.578,0.3,0.3,.923,0.6,2.3,2.9,1.1,0.5,0.5,0.4,1.6,4.2,,DAL
19,Brandon Williams,25,PG,33,3,14.8,3.0,5.7,.521,0.7,1.8,.400,2.2,3.9,.578,.585,1.7,2.0,.833,0.4,1.4,1.8,2.3,0.7,0.2,1.2,1.0,8.3,,DAL
20,Olivier-Maxence Prosper,22,PF,52,4,11.2,1.3,3.3,.402,0.2,1.0,.235,1.1,2.4,.472,.437,0.9,1.5,.645,0.8,1.6,2.4,0.8,0.5,0.1,0.3,0.5,3.9,,DAL
21,Dwight Powell,33,C,55,3,10.0,0.8,1.1,.689,0.0,0.1,.400,0.7,1.0,.714,.705,0.5,0.8,.651,0.9,1.3,2.1,1.0,0.3,0.4,0.3,1.4,2.1,,DAL
22,Kylor Kelley,27,C,8,1,8.4,1.3,1.6,.769,0.0,0.0,,1.3,1.6,.769,.769,0.5,0.8,.667,1.0,1.6,2.6,0.3,0.0,0.3,0.1,1.0,3.0,,DAL
23,Markieff Morris,35,PF,7,0,5.9,0.7,3.1,.227,0.3,1.9,.154,0.4,1.3,.333,.273,0.0,0.0,,0.0,1.1,1.1,0.6,0.1,0.1,0.3,0.3,1.7,,DAL
24,Jazian Gortman,21,PG,16,0,3.6,0.6,1.4,.391,0.3,0.7,.364,0.3,0.8,.417,.478,0.1,0.3,.500,0.1,0.3,0.3,0.4,0.1,0.1,0.3,0.6,1.5,,DAL
1,Nikola Jokić,29,C,70,70,36.7,11.2,19.5,.576,2.0,4.7,.417,9.3,14.8,.627,.627,5.2,6.4,.800,2.9,9.9,12.7,10.2,1.8,0.6,3.3,2.3,29.6,,DEN
2,Jamal Murray,27,PG,67,67,36.1,7.9,16.7,.474,2.3,5.9,.393,5.6,10.8,.518,.543,3.3,3.7,.886,0.7,3.2,3.9,6.0,1.4,0.5,2.1,1.9,21.4,,DEN
3,Christian Braun,23,SG,79,77,33.9,6.0,10.4,.580,1.1,2.8,.397,4.9,7.6,.648,.634,2.2,2.7,.827,1.2,3.9,5.2,2.6,1.1,0.5,1.0,2.2,15.4,,DEN
4,Michael Porter Jr.,26,SF,77,77,33.7,6.9,13.6,.504,2.5,6.4,.395,4.4,7.3,.599,.596,1.9,2.5,.768,1.8,5.2,7.0,2.1,0.6,0.5,1.4,2.0,18.2,,DEN
5,Aaron Gordon,29,PF,51,42,28.4,5.2,9.7,.531,1.5,3.4,.436,3.7,6.4,.582,.607,2.8,3.5,.810,1.6,3.3,4.8,3.2,0.5,0.3,1.4,1.6,14.7,,DEN
6,Russell Westbrook,36,PG,75,36,27.9,5.0,11.1,.449,1.3,3.9,.323,3.7,7.2,.517,.505,2.1,3.1,.661,1.4,3.6,4.9,6.1,1.4,0.5,3.2,2.5,13.3,,DEN
7,Peyton Watson,22,SF,68,18,24.4,3.0,6.3,.477,0.7,2.0,.353,2.3,4.3,.534,.533,1.4,2.0,.693,0.7,2.7,3.4,1.4,0.7,1.4,0.8,1.8,8.1,,DEN
8,Julian Strawther,22,SG,65,4,21.3,3.2,7.5,.432,1.4,4.1,.349,1.8,3.3,.535,.529,1.1,1.4,.822,0.3,1.9,2.2,1.3,0.6,0.2,0.9,2.3,9.0,,DEN
9,Jalen Pickett,25,SG,49,4,13.6,1.6,3.7,.428,0.8,2.1,.396,0.8,1.6,.468,.539,0.1,0.2,.750,0.3,1.1,1.4,2.2,0.4,0.1,0.5,0.8,4.1,,DEN
10,Dario Šarić,30,C,16,4,13.1,1.3,3.6,.362,0.4,1.6,.269,0.9,2.0,.438,.422,0.4,0.6,.700,0.9,2.3,3.1,1.4,0.4,0.1,0.9,1.2,3.5,,DEN
11,DeAndre Jordan,36,C,56,5,12.3,1.6,2.5,.650,0.0,0.0,,1.6,2.5,.650,.650,0.5,1.1,.422,1.5,3.6,5.1,0.9,0.3,0.5,0.7,1.3,3.7,,DEN
12,Zeke Nnaji,24,PF,57,4,10.7,1.2,2.5,.496,0.3,0.9,.327,0.9,1.6,.596,.557,0.5,0.8,.614,0.6,1.0,1.6,0.4,0.4,0.7,0.2,1.1,3.2,,DEN
13,Vlatko Čančar,27,PF,13,0,10.5,0.8,2.0,.385,0.3,1.2,.267,0.5,0.8,.545,.462,0.0,0.0,,0.5,2.0,2.5,0.7,0.2,0.2,0.8,0.8,1.8,,DEN
14,Hunter Tyson,24,PF,51,2,7.8,0.9,2.4,.375,0.5,1.5,.311,0.4,0.9,.478,.471,0.4,0.5,.750,0.5,1.0,1.5,0.4,0.2,0.1,0.3,0.9,2.6,,DEN
15,Spencer Jones,23,SF,20,0,6.3,0.6,1.7,.324,0.1,0.9,.059,0.5,0.9,.588,.338,0.2,0.2,1.000,0.4,0.5,0.9,0.3,0.3,0.3,0.3,0.9,1.3,,DEN
16,Trey Alexander,21,SG,24,0,4.9,0.5,1.7,.317,0.1,0.7,.176,0.4,1.0,.417,.354,0.1,0.2,.750,0.0,0.5,0.5,0.5,0.1,0.0,0.2,0.4,1.3,,DEN
17,PJ Hall,22,C,19,0,3.5,0.7,1.3,.583,0.1,0.4,.250,0.6,0.8,.750,.625,0.2,0.2,.750,0.3,0.8,1.2,0.2,0.0,0.2,0.1,0.6,1.7,,DEN
1,Cade Cunningham,23,PG,70,70,35.0,9.8,20.8,.469,2.1,6.0,.356,7.6,14.8,.515,.521,4.5,5.3,.846,0.8,5.3,6.1,9.1,1.0,0.8,4.4,2.8,26.1,,DET
2,Tobias Harris,32,PF,73,73,31.6,5.3,11.0,.477,1.2,3.6,.345,4.0,7.4,.542,.534,2.0,2.3,.861,0.9,5.0,5.9,2.2,1.0,0.8,1.2,1.9,13.7,,DET
3,Jaden Ivey,22,SG,30,30,29.9,6.3,13.8,.460,2.1,5.1,.409,4.2,8.6,.490,.536,2.8,3.9,.733,1.3,2.8,4.1,4.0,0.9,0.4,3.0,2.2,17.6,,DET
4,Tim Hardaway Jr.,32,SG,77,77,28.0,3.6,8.8,.406,2.2,5.9,.368,1.4,2.9,.484,.529,1.6,1.9,.855,0.2,2.1,2.4,1.6,0.5,0.1,0.6,1.2,11.0,,DET
5,Malik Beasley,28,SG,82,18,27.8,5.6,13.1,.430,3.9,9.3,.416,1.7,3.7,.466,.579,1.2,1.7,.679,0.6,2.0,2.6,1.7,0.9,0.1,1.0,1.5,16.3,,DET
6,Jalen Duren,21,C,78,78,26.1,4.8,7.0,.692,0.0,0.0,,4.8,7.0,.692,.692,2.1,3.1,.669,3.6,6.8,10.3,2.7,0.7,1.1,1.7,3.2,11.8,,DET
7,Dennis Schröder,31,PG,28,8,25.2,3.4,9.0,.378,1.1,3.8,.302,2.3,5.2,.434,.442,2.9,3.4,.833,0.5,2.2,2.6,5.3,0.5,0.2,1.3,2.0,10.8,,DET
8,Ausar Thompson,22,SF,59,48,22.5,4.2,7.8,.535,0.2,0.8,.224,4.0,7.0,.572,.547,1.5,2.4,.641,1.9,3.3,5.1,2.3,1.7,0.7,1.4,2.8,10.1,,DET
9,Tolu Smith,24,PF,1,0,22.0,6.0,9.0,.667,0.0,0.0,,6.0,9.0,.667,.667,2.0,3.0,.667,4.0,4.0,8.0,0.0,0.0,0.0,2.0,3.0,14.0,,DET
10,Isaiah Stewart,23,C,72,4,19.9,2.4,4.4,.559,0.2,0.7,.321,2.2,3.6,.607,.586,0.9,1.2,.759,1.8,3.7,5.5,1.7,0.4,1.4,0.9,2.5,6.0,,DET
11,Ron Harper Jr.,24,SF,1,0,17.0,1.0,8.0,.125,0.0,6.0,.000,1.0,2.0,.500,.125,2.0,2.0,1.000,4.0,3.0,7.0,2.0,0.0,0.0,0.0,0.0,4.0,,DET
12,Simone Fontecchio,29,SF,75,0,16.5,2.0,5.0,.402,1.0,3.0,.335,1.0,1.9,.507,.504,0.9,1.1,.833,0.7,2.2,2.9,0.9,0.4,0.2,0.7,1.3,5.9,,DET
13,Ron Holland,19,SF,81,2,15.6,2.4,5.1,.474,0.4,1.9,.238,2.0,3.3,.608,.517,1.1,1.5,.754,0.5,2.2,2.7,1.0,0.6,0.2,0.9,1.7,6.4,,DET
14,Marcus Sasser,24,PG,57,1,14.2,2.4,5.2,.463,1.0,2.7,.382,1.4,2.5,.549,.561,0.8,0.9,.843,0.3,0.9,1.2,2.3,0.6,0.1,0.9,1.3,6.6,,DET
15,Wendell Moore Jr.,23,SG,20,1,11.0,1.2,2.5,.460,0.2,0.7,.286,1.0,1.8,.528,.500,0.7,0.7,.929,0.6,1.7,2.2,1.2,0.5,0.2,0.5,0.8,3.2,,DET
16,Paul Reed,25,C,45,0,9.7,1.6,3.2,.507,0.2,0.6,.286,1.4,2.5,.561,.535,0.7,0.9,.762,0.9,1.8,2.7,1.0,0.9,0.6,0.6,1.7,4.1,,DET
17,Lindy Waters III,27,SG,14,0,8.8,1.1,3.1,.364,1.1,2.7,.395,0.1,0.4,.167,.534,0.0,0.0,,0.3,0.7,1.0,0.7,0.4,0.1,0.2,0.5,3.4,,DET
18,Cole Swider,25,SF,2,0,6.5,0.0,2.5,.000,0.0,2.5,.000,0.0,0.0,,.000,0.0,0.0,,0.0,1.0,1.0,0.5,0.0,0.0,0.0,0.5,0.0,,DET
19,Bobi Klintman,21,SF,8,0,5.3,0.8,1.3,.600,0.3,0.6,.400,0.5,0.6,.800,.700,0.1,0.3,.500,0.1,0.8,0.9,0.9,0.3,0.1,0.1,1.0,1.9,,DET
20,Alondes Williams,25,SG,1,0,4.0,2.0,2.0,1.000,1.0,1.0,1.000,1.0,1.0,1.000,1.250,0.0,0.0,,0.0,0.0,0.0,1.0,0.0,0.0,0.0,0.0,5.0,,DET
21,Daniss Jenkins,23,PG,7,0,3.3,0.4,1.4,.300,0.1,1.0,.143,0.3,0.4,.667,.350,0.0,0.3,.000,0.0,0.3,0.3,0.4,0.0,0.0,0.1,0.3,1.0,,DET
1,Jimmy Butler,35,SF,30,30,32.7,5.3,11.1,.476,0.6,2.3,.279,4.7,8.9,.526,.504,6.7,7.7,.870,2.3,3.2,5.5,5.9,1.7,0.3,1.5,1.0,17.9,,GSW
2,Stephen Curry,36,PG,70,70,32.2,8.1,18.0,.448,4.4,11.2,.397,3.6,6.8,.534,.572,4.0,4.3,.933,0.6,3.9,4.4,6.0,1.1,0.4,2.9,1.4,24.5,,GSW
3,Andrew Wiggins,29,SF,43,43,30.1,6.1,13.7,.444,2.2,5.8,.379,3.9,7.9,.491,.524,3.2,4.2,.777,1.5,3.0,4.6,2.4,0.9,0.8,1.3,1.6,17.6,,GSW
4,Draymond Green,34,PF,68,66,29.2,3.2,7.5,.424,1.2,3.6,.325,2.0,3.9,.517,.503,1.5,2.2,.687,1.1,5.0,6.1,5.6,1.5,1.0,2.6,3.2,9.0,,GSW
5,Brandin Podziemski,21,SG,64,33,26.8,4.4,9.8,.445,1.8,4.8,.372,2.6,5.0,.516,.537,1.1,1.5,.758,1.0,4.1,5.1,3.4,1.1,0.2,1.2,1.5,11.7,,GSW
6,Dennis Schröder,31,SG,24,18,26.2,3.9,10.5,.375,1.5,4.8,.322,2.4,5.7,.419,.448,1.2,1.6,.744,0.4,1.9,2.3,4.4,1.0,0.1,2.0,2.8,10.6,,GSW
7,Jonathan Kuminga,22,PF,47,10,24.3,5.5,12.1,.454,1.0,3.2,.305,4.5,8.9,.508,.495,3.3,5.0,.668,1.2,3.4,4.6,2.2,0.8,0.4,1.5,1.9,15.3,,GSW
8,Buddy Hield,32,SG,82,22,22.7,4.0,9.6,.417,2.5,6.7,.370,1.5,2.9,.527,.546,0.6,0.8,.828,0.6,2.6,3.2,1.6,0.8,0.3,1.1,1.6,11.1,,GSW
9,Moses Moody,22,SG,74,34,22.3,3.3,7.7,.433,1.7,4.6,.374,1.6,3.1,.519,.544,1.4,1.8,.797,0.7,1.9,2.6,1.3,0.8,0.4,0.7,1.6,9.8,,GSW
10,De'Anthony Melton,26,SG,6,2,20.2,3.7,9.0,.407,2.2,5.8,.371,1.5,3.2,.474,.528,0.8,1.3,.625,1.0,2.3,3.3,2.8,1.2,0.3,1.7,3.0,10.3,,GSW
11,Lindy Waters III,27,SG,38,9,17.2,2.0,5.4,.371,1.3,3.9,.331,0.7,1.5,.474,.490,0.2,0.3,.727,0.4,2.1,2.5,1.1,0.6,0.3,0.4,1.4,5.5,,GSW
12,Quinten Post,24,PF,42,14,16.3,2.9,6.5,.449,1.7,4.3,.408,1.2,2.3,.526,.582,0.5,0.6,.778,0.8,2.7,3.5,1.3,0.4,0.4,0.8,2.0,8.1,,GSW
13,Trayce Jackson-Davis,24,C,62,37,15.6,2.8,4.9,.576,0.0,0.0,.000,2.8,4.8,.582,.576,1.0,1.6,.578,2.0,3.0,5.0,1.7,0.4,0.6,0.7,1.2,6.6,,GSW
14,Kevon Looney,28,C,76,6,15.0,1.9,3.7,.514,0.0,0.1,.400,1.9,3.6,.516,.518,0.7,1.3,.566,2.4,3.6,6.1,1.6,0.6,0.5,0.5,2.0,4.5,,GSW
15,Gary Payton II,32,SG,62,11,15.0,2.8,4.8,.574,0.5,1.5,.326,2.3,3.3,.690,.626,0.4,0.6,.711,0.9,2.1,3.0,1.3,0.8,0.3,0.6,1.7,6.5,,GSW
16,Kyle Anderson,31,PF,36,3,15.0,2.1,4.7,.450,0.5,1.4,.365,1.6,3.3,.487,.506,0.5,0.8,.667,0.8,2.3,3.1,2.3,0.7,0.6,0.6,1.1,5.3,,GSW
17,Gui Santos,22,PF,56,2,13.6,1.5,3.2,.458,0.6,1.8,.330,0.9,1.4,.632,.553,0.5,0.8,.690,1.3,1.8,3.1,1.4,0.4,0.2,0.8,1.6,4.1,,GSW
18,Jackson Rowe,28,PF,6,0,8.7,1.3,2.8,.471,0.5,1.7,.300,0.8,1.2,.714,.559,0.5,1.0,.500,0.5,1.3,1.8,0.7,0.7,0.0,0.2,0.7,3.7,,GSW
19,Yuri Collins,23,PG,2,0,8.0,0.5,1.5,.333,0.0,0.0,,0.5,1.5,.333,.333,0.0,0.0,,1.0,0.5,1.5,2.0,1.0,0.0,0.0,2.5,1.0,,GSW
20,Pat Spencer,28,PG,39,0,6.4,1.1,2.6,.406,0.1,0.6,.227,0.9,2.0,.456,.431,0.3,0.4,.733,0.4,0.8,1.2,1.2,0.4,0.1,0.5,0.5,2.5,,GSW
21,Kevin Knox,25,SF,14,0,6.0,1.3,2.6,.500,0.3,1.1,.267,1.0,1.5,.667,.556,0.4,0.6,.750,0.5,0.7,1.2,0.4,0.1,0.3,0.3,0.4,3.3,,GSW
22,Braxton Key,27,SF,3,0,3.7,0.0,1.3,.000,0.0,0.3,.000,0.0,1.0,.000,.000,1.0,2.0,.500,0.3,0.3,0.7,0.0,0.7,0.0,0.3,0.0,1.0,,GSW
23,Reece Beekman,23,PG,2,0,2.0,0.5,0.5,1.000,0.0,0.0,,0.5,0.5,1.000,1.000,0.0,0.0,,0.5,0.0,0.5,0.5,0.5,0.0,0.0,0.5,1.0,,GSW
1,Fred VanVleet,30,PG,60,60,35.2,4.8,12.7,.378,2.7,7.7,.345,2.1,5.0,.430,.483,1.9,2.3,.810,0.5,3.2,3.7,5.6,1.6,0.4,1.5,2.3,14.1,,HOU
2,Jalen Green,22,SG,82,82,32.9,7.4,17.5,.423,2.9,8.1,.354,4.6,9.5,.482,.505,3.3,4.1,.813,0.5,4.0,4.6,3.4,0.9,0.3,2.5,1.5,21.0,,HOU
3,Amen Thompson,22,SF,69,42,32.2,5.6,10.1,.557,0.4,1.3,.275,5.3,8.8,.599,.575,2.4,3.6,.684,2.8,5.4,8.2,3.8,1.4,1.3,2.0,2.4,14.1,,HOU
4,Dillon Brooks,29,SF,75,75,31.8,5.1,11.9,.429,2.5,6.3,.397,2.6,5.7,.465,.533,1.3,1.6,.818,1.0,2.7,3.7,1.7,0.8,0.2,1.0,3.2,14.0,,HOU
5,Alperen Şengün,22,C,76,76,31.5,7.5,15.0,.496,0.3,1.2,.233,7.2,13.9,.519,.505,3.9,5.6,.692,3.4,6.9,10.3,4.9,1.1,0.8,2.6,2.8,19.1,,HOU
6,Jabari Smith Jr.,21,PF,57,39,30.1,4.4,9.9,.438,1.7,4.9,.354,2.6,5.1,.519,.525,1.8,2.2,.825,1.8,5.2,7.0,1.1,0.4,0.7,1.1,2.2,12.2,,HOU
7,Tari Eason,23,PF,57,16,24.9,4.8,9.8,.487,1.1,3.2,.342,3.7,6.6,.557,.543,1.4,1.8,.760,2.2,4.1,6.4,1.5,1.7,0.9,1.1,2.4,12.0,,HOU
8,Cam Whitmore,20,SF,51,3,16.2,3.5,7.9,.444,1.3,3.6,.355,2.2,4.3,.518,.525,1.1,1.4,.750,0.7,2.3,3.0,1.0,0.6,0.3,0.9,0.9,9.4,,HOU
9,Steven Adams,31,C,58,3,13.7,1.6,2.9,.545,0.0,0.0,.000,1.6,2.8,.552,.545,0.7,1.6,.462,2.9,2.8,5.6,1.1,0.4,0.5,0.9,1.0,3.9,,HOU
10,Aaron Holiday,28,PG,62,3,12.8,1.9,4.3,.437,1.2,2.9,.398,0.7,1.4,.517,.571,0.5,0.7,.829,0.2,1.0,1.3,1.3,0.3,0.2,0.6,1.0,5.5,,HOU
11,N'Faly Dante,23,C,4,0,12.8,2.5,3.3,.769,0.0,0.0,,2.5,3.3,.769,.769,1.0,1.3,.800,1.5,3.8,5.3,0.5,0.3,1.3,0.5,2.3,6.0,,HOU
12,Reed Sheppard,20,PG,52,3,12.6,1.6,4.6,.351,0.9,2.7,.338,0.7,1.9,.371,.452,0.3,0.3,.813,0.3,1.2,1.5,1.4,0.7,0.3,0.7,1.0,4.4,,HOU
13,Jeff Green,38,PF,32,3,12.4,1.9,3.8,.504,0.9,2.5,.367,1.0,1.3,.762,.624,0.7,0.8,.808,0.3,1.5,1.8,0.6,0.2,0.1,0.3,1.0,5.4,,HOU
14,Jock Landale,29,C,42,3,11.9,1.9,3.6,.533,0.3,0.6,.423,1.7,3.0,.556,.569,0.6,1.0,.675,1.3,1.9,3.3,0.9,0.3,0.2,0.5,1.2,4.8,,HOU
15,David Roddy,23,PF,3,0,11.7,1.7,4.3,.385,0.3,2.3,.143,1.3,2.0,.667,.423,0.7,1.3,.500,0.0,1.7,1.7,0.7,0.0,0.3,0.3,0.3,4.3,,HOU
16,Jae'Sean Tate,29,SF,52,2,11.3,1.3,2.8,.473,0.3,0.9,.348,1.0,2.0,.529,.527,0.6,0.9,.681,1.0,1.3,2.3,0.9,0.5,0.1,0.4,1.6,3.6,,HOU
17,Jeenathan Williams,25,SG,20,0,7.4,1.4,3.1,.435,0.3,1.3,.231,1.1,1.8,.583,.484,0.3,0.4,.625,0.3,0.4,0.7,0.5,0.4,0.2,0.7,0.8,3.3,,HOU
18,Jack McVeigh,28,PF,9,0,4.8,0.6,1.9,.294,0.4,1.4,.308,0.1,0.4,.250,.412,0.0,0.0,,0.2,0.3,0.6,0.1,0.0,0.2,0.2,0.3,1.6,,HOU
1,Tyrese Haliburton,24,PG,73,73,33.6,6.5,13.8,.473,3.0,7.7,.388,3.5,6.1,.581,.582,2.6,3.0,.851,0.6,3.0,3.5,9.2,1.4,0.7,1.6,1.3,18.6,,IND
2,Pascal Siakam,30,PF,78,78,32.7,7.9,15.2,.519,1.6,4.2,.389,6.2,11.0,.568,.572,2.9,3.9,.734,1.7,5.2,6.9,3.4,0.9,0.5,1.4,2.4,20.2,,IND
3,Myles Turner,28,C,72,72,30.2,5.4,11.3,.481,2.2,5.5,.396,3.3,5.8,.561,.577,2.6,3.3,.773,1.3,5.3,6.5,1.5,0.8,2.0,1.7,2.5,15.6,,IND
4,Bennedict Mathurin,22,SF,72,49,29.8,5.4,11.8,.458,1.4,4.0,.340,4.1,7.8,.519,.516,3.8,4.6,.831,1.2,4.1,5.3,1.9,0.7,0.3,1.9,2.3,16.1,,IND
5,Andrew Nembhard,25,SG,65,65,28.9,3.8,8.3,.458,0.8,2.7,.291,3.0,5.6,.538,.506,1.7,2.1,.794,0.5,2.8,3.3,5.0,1.2,0.2,1.7,2.3,10.0,,IND
6,Aaron Nesmith,25,SF,45,37,25.0,4.3,8.4,.507,1.9,4.3,.431,2.4,4.1,.587,.617,1.6,1.8,.913,0.8,3.1,4.0,1.2,0.8,0.4,0.8,2.5,12.0,,IND
7,Obi Toppin,26,PF,79,4,19.6,4.0,7.6,.529,1.4,3.8,.365,2.6,3.8,.695,.621,1.1,1.4,.781,0.7,3.3,4.0,1.6,0.6,0.4,0.9,1.4,10.5,,IND
8,Ben Sheppard,23,SG,63,9,19.5,1.9,4.6,.418,1.1,3.2,.342,0.8,1.4,.591,.537,0.4,0.4,.889,0.7,2.1,2.8,1.3,0.6,0.2,0.3,2.0,5.3,,IND
9,T.J. McConnell,32,PG,79,1,17.9,4.1,7.9,.519,0.2,0.6,.306,3.9,7.3,.537,.531,0.7,1.0,.740,0.6,1.9,2.4,4.4,1.1,0.3,1.4,1.0,9.1,,IND
10,Isaiah Jackson,23,C,5,1,16.8,2.8,4.6,.609,0.0,0.0,,2.8,4.6,.609,.609,1.4,2.8,.500,2.2,3.4,5.6,1.0,0.6,1.6,1.0,2.8,7.0,,IND
11,Jarace Walker,21,PF,75,5,15.8,2.3,4.8,.472,1.0,2.5,.405,1.3,2.3,.543,.576,0.6,0.9,.667,0.3,2.7,3.1,1.5,0.7,0.3,1.0,1.5,6.1,,IND
12,Thomas Bryant,27,C,56,8,15.1,2.7,5.2,.515,0.8,2.3,.321,1.9,2.9,.673,.587,0.8,0.9,.830,1.4,2.5,3.9,0.9,0.5,0.6,0.5,1.2,6.9,,IND
13,Quenton Jackson,26,PG,28,7,13.6,2.1,4.4,.475,0.5,1.4,.375,1.5,2.9,.524,.537,1.1,1.4,.775,0.5,1.1,1.6,1.9,0.8,0.2,0.6,1.5,5.8,,IND
14,Enrique Freeman,24,PF,22,1,8.2,0.7,1.7,.432,0.0,0.5,.100,0.7,1.2,.556,.446,0.6,0.9,.684,0.5,0.9,1.4,0.4,0.1,0.1,0.3,1.0,2.1,,IND
15,Tony Bradley,27,C,14,0,8.1,2.1,3.2,.644,0.1,0.2,.333,2.0,3.0,.667,.656,0.1,0.4,.333,1.3,1.7,3.0,0.4,0.1,0.6,0.4,0.8,4.4,,IND
16,Johnny Furphy,20,SG,50,0,7.6,0.7,1.8,.380,0.3,1.0,.300,0.4,0.8,.476,.462,0.4,0.4,.818,0.5,1.0,1.4,0.4,0.4,0.2,0.2,0.8,2.1,,IND
17,RayJ Dennis,23,PG,11,0,6.4,1.0,3.0,.333,0.5,1.9,.286,0.5,1.1,.417,.424,0.2,0.2,1.000,0.2,0.9,1.1,1.3,0.6,0.2,0.5,0.6,2.7,,IND
18,Moses Brown,25,C,9,0,5.1,1.4,2.2,.650,0.0,0.0,,1.4,2.2,.650,.650,0.3,0.6,.600,0.4,1.0,1.4,0.0,0.2,0.1,0.7,0.7,3.2,,IND
19,James Wiseman,23,C,1,0,5.0,2.0,4.0,.500,0.0,1.0,.000,2.0,3.0,.667,.500,2.0,2.0,1.000,0.0,1.0,1.0,0.0,0.0,0.0,0.0,0.0,6.0,,IND
20,James Johnson,37,PF,12,0,3.1,0.3,0.9,.364,0.0,0.3,.000,0.3,0.7,.500,.364,0.0,0.1,.000,0.0,0.5,0.5,0.3,0.0,0.2,0.3,0.4,0.7,,IND
21,Jahlil Okafor,29,C,1,0,3.0,0.0,0.0,,0.0,0.0,,0.0,0.0,,,0.0,0.0,,0.0,1.0,1.0,1.0,0.0,0.0,0.0,0.0,0.0,,IND
22,Tristen Newton,23,SG,5,0,1.6,0.2,1.2,.167,0.0,0.6,.000,0.2,0.6,.333,.167,0.2,0.2,1.000,0.0,0.0,0.0,0.2,0.0,0.0,0.2,0.4,0.6,,IND
1,James Harden,35,PG,79,79,35.3,6.7,16.4,.410,3.0,8.5,.352,3.7,7.9,.472,.501,6.4,7.3,.874,0.7,5.1,5.8,8.7,1.5,0.7,4.3,2.1,22.8,,LAC
2,Ivica Zubac,27,C,80,80,32.8,7.4,11.8,.628,0.0,0.0,,7.4,11.8,.628,.628,2.0,3.0,.661,3.8,8.9,12.6,2.7,0.7,1.1,1.6,2.1,16.8,,LAC
3,Norman Powell,31,SG,60,60,32.6,7.6,15.8,.484,3.0,7.1,.418,4.6,8.6,.538,.578,3.6,4.4,.804,0.4,2.8,3.2,2.1,1.2,0.2,1.8,1.9,21.8,,LAC
4,Kawhi Leonard,33,SF,37,37,31.9,8.4,16.8,.498,2.1,5.1,.411,6.3,11.7,.536,.560,2.6,3.3,.810,0.9,5.0,5.9,3.1,1.6,0.5,1.9,1.5,21.5,,LAC
5,Bogdan Bogdanović,32,SG,30,4,25.0,4.2,8.9,.474,2.0,4.8,.427,2.2,4.2,.528,.588,0.9,1.1,.875,0.4,2.7,3.1,3.2,0.7,0.2,1.2,2.3,11.4,,LAC
6,Derrick Jones Jr.,27,SF,77,55,24.3,4.0,7.6,.526,1.0,2.8,.356,3.0,4.8,.627,.593,1.1,1.5,.703,1.2,2.2,3.4,0.8,1.0,0.4,0.9,2.0,10.1,,LAC
7,Amir Coffey,27,SG,72,13,24.3,3.3,7.1,.471,1.4,3.4,.409,1.9,3.7,.529,.570,1.6,1.8,.891,0.4,1.8,2.2,1.1,0.6,0.1,0.6,1.7,9.7,,LAC
8,Kris Dunn,30,PG,74,58,24.1,2.6,5.9,.439,1.0,3.0,.335,1.6,2.9,.549,.525,0.2,0.3,.682,0.7,2.7,3.4,2.8,1.7,0.4,1.0,2.7,6.4,,LAC
9,Terance Mann,28,SG,37,12,19.8,2.4,5.3,.446,0.7,2.0,.347,1.6,3.2,.508,.513,0.6,0.9,.719,0.9,2.0,2.9,1.6,0.8,0.3,0.7,1.8,6.0,,LAC
10,Kevin Porter Jr.,24,SG,45,2,19.6,3.8,9.0,.423,0.6,2.4,.245,3.2,6.7,.485,.455,1.1,1.7,.645,0.6,2.9,3.6,3.2,1.0,0.2,1.9,1.6,9.3,,LAC
11,Nicolas Batum,36,PF,78,8,17.5,1.3,3.1,.437,1.1,2.6,.433,0.2,0.4,.457,.622,0.2,0.3,.810,0.6,2.2,2.8,1.1,0.7,0.5,0.4,1.4,4.0,,LAC
12,Ben Simmons,28,PG,18,0,16.4,1.3,2.9,.434,0.0,0.0,,1.3,2.9,.434,.434,0.3,0.4,.857,0.9,2.9,3.8,3.1,0.7,0.4,0.8,1.4,2.9,,LAC
13,Mo Bamba,26,C,28,2,12.6,1.7,3.7,.466,0.5,1.8,.300,1.2,1.9,.623,.539,0.6,0.9,.680,0.9,3.4,4.3,0.6,0.3,1.0,0.7,1.8,4.6,,LAC
14,Jordan Miller,25,SF,37,0,11.4,1.6,3.6,.433,0.2,1.0,.211,1.4,2.6,.521,.463,0.8,0.9,.800,0.6,0.9,1.6,0.9,0.5,0.1,0.7,0.7,4.1,,LAC
15,Bones Hyland,24,PG,20,0,11.1,2.3,5.8,.391,1.6,4.0,.388,0.7,1.8,.400,.526,1.2,1.3,.885,0.3,1.0,1.2,1.4,0.9,0.2,1.2,1.3,7.2,,LAC
16,Drew Eubanks,27,C,24,0,7.4,1.1,2.0,.551,0.0,0.0,.000,1.1,2.0,.563,.551,0.5,0.6,.786,0.8,1.6,2.4,0.4,0.1,0.3,0.4,0.7,2.7,,LAC
17,Kai Jones,24,C,28,0,7.4,0.9,1.3,.722,0.0,0.1,.000,0.9,1.2,.765,.722,0.3,0.4,.750,0.5,1.1,1.6,0.4,0.2,0.5,0.4,0.8,2.2,,LAC
18,Kobe Brown,25,PF,40,0,6.8,0.8,1.8,.458,0.2,0.7,.231,0.7,1.2,.587,.500,0.1,0.2,.714,0.5,1.2,1.6,0.6,0.2,0.1,0.3,0.6,1.9,,LAC
19,MarJon Beauchamp,24,SF,3,0,5.7,1.3,2.3,.571,0.7,1.0,.667,0.7,1.3,.500,.714,0.7,1.3,.500,0.7,0.3,1.0,0.7,0.0,0.0,0.3,0.7,4.0,,LAC
20,Patty Mills,36,PG,12,0,5.1,0.8,1.7,.500,0.8,1.5,.500,0.1,0.2,.500,.725,0.7,0.8,.889,0.1,0.0,0.1,0.4,0.1,0.0,0.1,1.0,3.1,,LAC
21,Trentyn Flowers,19,SF,6,0,4.5,0.7,1.8,.364,0.0,0.3,.000,0.7,1.5,.444,.364,0.5,0.5,1.000,0.2,0.5,0.7,0.0,0.0,0.0,0.2,0.7,1.8,,LAC
22,Cam Christie,19,SG,13,0,4.5,0.5,1.8,.292,0.2,1.0,.154,0.4,0.8,.455,.333,0.2,0.3,.500,0.2,0.7,0.9,0.5,0.4,0.1,0.2,0.3,1.4,,LAC
23,Patrick Baldwin Jr.,22,SF,2,0,3.0,1.0,1.0,1.000,1.0,1.0,1.000,0.0,0.0,,1.500,0.0,0.0,,0.0,1.5,1.5,0.5,0.0,0.0,0.0,1.0,3.0,,LAC
1,Luka Dončić,25,PG,28,28,35.1,8.8,20.0,.438,3.6,9.6,.379,5.1,10.4,.493,.530,7.0,8.9,.791,0.9,7.2,8.1,7.5,1.6,0.4,3.7,2.4,28.2,,LAL
2,Austin Reaves,26,SG,73,73,34.9,6.5,14.2,.460,2.7,7.3,.377,3.8,6.9,.547,.556,4.4,5.0,.877,0.8,3.7,4.5,5.8,1.1,0.3,2.4,2.1,20.2,,LAL
3,LeBron James,40,SF,70,70,34.9,9.3,18.1,.513,2.1,5.7,.376,7.2,12.5,.574,.571,3.7,4.7,.782,1.0,6.8,7.8,8.2,1.0,0.6,3.7,1.4,24.4,,LAL
4,Anthony Davis,31,C,42,42,34.3,9.5,18.0,.528,0.7,2.2,.298,8.9,15.8,.560,.546,6.0,7.6,.788,2.8,9.0,11.9,3.4,1.3,2.1,2.2,2.0,25.7,,LAL
5,Rui Hachimura,26,PF,59,57,31.7,5.0,9.8,.509,1.7,4.2,.413,3.2,5.6,.581,.597,1.5,1.9,.770,1.3,3.7,5.0,1.4,0.8,0.4,0.8,1.8,13.1,,LAL
6,Dorian Finney-Smith,31,PF,43,20,28.8,2.8,6.4,.442,1.9,4.8,.398,0.9,1.6,.571,.591,0.3,0.5,.714,1.1,2.5,3.6,1.4,0.9,0.3,0.9,1.9,7.9,,LAL
7,D'Angelo Russell,28,PG,29,10,26.3,4.4,10.7,.415,1.9,5.8,.333,2.5,4.9,.510,.505,1.6,1.8,.849,0.3,2.5,2.8,4.7,0.8,0.1,1.7,1.8,12.4,,LAL
8,Max Christie,21,SG,46,25,25.1,2.8,6.3,.444,1.3,3.5,.368,1.5,2.7,.544,.549,1.6,1.9,.851,0.5,2.1,2.7,1.4,0.8,0.5,0.8,1.6,8.5,,LAL
9,Gabe Vincent,28,PG,72,11,21.2,2.3,5.8,.400,1.5,4.3,.353,0.8,1.5,.532,.530,0.2,0.3,.714,0.3,1.0,1.3,1.4,0.7,0.2,0.6,2.1,6.4,,LAL
10,Jaxson Hayes,24,C,56,35,19.5,2.9,4.0,.722,0.0,0.1,.000,2.9,3.9,.732,.722,1.1,1.8,.622,1.4,3.4,4.8,1.0,0.6,0.9,0.8,2.4,6.8,,LAL
11,Dalton Knecht,23,SF,78,16,19.2,3.3,7.1,.461,1.6,4.4,.376,1.7,2.8,.594,.576,0.8,1.1,.762,0.5,2.3,2.8,0.8,0.3,0.1,0.5,1.2,9.1,,LAL
12,Jordan Goodwin,26,PG,29,5,18.7,2.2,5.0,.438,0.9,2.3,.382,1.3,2.6,.487,.528,0.3,0.4,.818,1.3,2.6,3.9,1.4,1.0,0.4,0.9,1.5,5.6,,LAL
13,Cam Reddish,25,SF,33,8,17.8,1.2,2.8,.404,0.4,1.4,.277,0.8,1.4,.532,.473,0.5,0.8,.615,0.5,1.5,2.0,0.7,1.0,0.3,0.4,1.3,3.2,,LAL
14,Jarred Vanderbilt,25,PF,36,2,16.1,1.6,3.4,.488,0.3,0.9,.281,1.4,2.5,.562,.525,0.6,1.0,.556,1.9,3.2,5.1,1.1,1.0,0.3,0.8,1.9,4.1,,LAL
15,Markieff Morris,35,PF,8,2,15.5,2.0,6.0,.333,0.9,2.9,.304,1.1,3.1,.360,.406,0.6,0.8,.833,0.4,1.5,1.9,2.1,0.1,0.3,0.4,1.8,5.5,,LAL
16,Alex Len,31,C,10,4,12.2,1.0,2.2,.455,0.1,0.3,.333,0.9,1.9,.474,.477,0.1,0.4,.250,1.3,1.8,3.1,0.8,0.1,0.3,0.9,2.1,2.2,,LAL
17,Shake Milton,28,SG,30,1,11.5,1.4,3.2,.433,0.3,1.1,.294,1.1,2.1,.508,.485,0.7,0.9,.846,0.5,1.3,1.8,1.3,0.3,0.1,0.7,0.8,3.9,,LAL
18,Trey Jemison,25,C,22,0,10.3,1.2,1.9,.619,0.0,0.0,,1.2,1.9,.619,.619,0.2,0.5,.417,1.0,1.8,2.8,0.3,0.1,0.4,0.6,1.9,2.6,,LAL
19,Christian Koloko,24,C,37,0,9.2,1.1,1.8,.606,0.0,0.1,.000,1.1,1.7,.645,.606,0.3,0.4,.714,0.9,1.5,2.5,0.4,0.2,0.4,0.3,1.2,2.4,,LAL
20,Armel Traoré,22,SF,9,0,7.4,0.7,2.1,.316,0.0,0.8,.000,0.7,1.3,.500,.316,0.2,0.8,.286,0.2,1.4,1.7,0.1,0.4,0.2,0.3,0.7,1.6,,LAL
21,Jalen Hood-Schifino,21,SG,2,0,7.0,0.5,0.5,1.000,0.0,0.0,,0.5,0.5,1.000,1.000,1.0,1.0,1.000,0.5,0.0,0.5,0.5,0.0,0.5,0.5,1.5,2.0,,LAL
22,Bronny James,20,SG,27,1,6.7,0.8,2.5,.313,0.3,1.2,.281,0.4,1.3,.343,.381,0.4,0.5,.786,0.1,0.5,0.7,0.8,0.3,0.1,0.5,0.5,2.3,,LAL
23,Quincy Olivari,23,PG,2,0,5.0,0.5,2.5,.200,0.5,2.5,.200,0.0,0.0,,.300,0.0,0.0,,0.0,0.0,0.0,0.5,0.0,0.0,0.5,0.0,1.5,,LAL
24,Maxwell Lewis,22,SF,7,0,4.1,0.3,0.9,.333,0.0,0.0,,0.3,0.9,.333,.333,0.0,0.0,,0.3,0.0,0.3,0.3,0.1,0.0,0.3,0.1,0.6,,LAL
1,Desmond Bane,26,SG,69,68,32.0,7.1,14.8,.484,2.4,6.1,.392,4.8,8.7,.548,.565,2.6,2.9,.894,0.9,5.2,6.1,5.3,1.2,0.4,2.4,2.4,19.2,,MEM
2,Ja Morant,25,PG,50,50,30.4,8.1,17.8,.454,1.8,5.7,.309,6.3,12.1,.523,.504,5.3,6.4,.824,0.7,3.4,4.1,7.3,1.2,0.2,3.7,2.3,23.2,,MEM
3,Jaren Jackson Jr.,25,C,74,74,29.8,8.0,16.4,.488,2.0,5.3,.375,6.0,11.1,.541,.548,4.2,5.4,.781,1.2,4.4,5.6,2.0,1.2,1.5,2.1,3.5,22.2,,MEM
4,Jaylen Wells,21,SG,79,74,25.9,3.6,8.6,.425,1.7,5.0,.352,1.9,3.6,.525,.527,1.4,1.7,.822,1.1,2.3,3.4,1.7,0.6,0.1,0.9,1.8,10.4,,MEM
5,Santi Aldama,24,PF,65,16,25.5,4.8,10.0,.483,1.8,5.0,.368,3.0,5.0,.599,.576,1.0,1.4,.691,1.4,5.0,6.4,2.9,0.8,0.4,1.1,1.2,12.5,,MEM
6,Luke Kennard,28,SG,65,11,22.6,3.2,6.6,.478,1.7,4.0,.433,1.4,2.6,.547,.609,0.8,0.9,.895,0.6,2.2,2.8,3.3,0.8,0.1,1.1,0.9,8.9,,MEM
7,Zach Edey,22,C,66,55,21.5,3.8,6.6,.580,0.3,0.8,.346,3.5,5.8,.612,.600,1.4,1.9,.709,3.5,4.8,8.3,1.0,0.5,1.3,1.3,2.8,9.2,,MEM
8,Scotty Pippen Jr.,24,PG,79,21,21.3,3.6,7.5,.480,1.1,2.8,.397,2.5,4.7,.528,.553,1.5,2.2,.713,0.8,2.5,3.3,4.4,1.3,0.4,1.7,2.6,9.9,,MEM
9,Marcus Smart,30,PG,19,6,21.1,2.8,7.8,.358,1.5,4.7,.322,1.3,3.1,.414,.456,1.6,1.9,.833,0.7,1.5,2.3,3.7,1.2,0.3,1.8,1.6,8.7,,MEM
10,Jake LaRavia,23,PF,47,0,20.9,2.5,5.1,.490,0.9,1.9,.444,1.7,3.2,.517,.573,1.4,2.0,.698,1.4,2.9,4.4,2.8,0.9,0.4,1.5,2.0,7.3,,MEM
11,Brandon Clarke,28,PF,64,18,18.9,3.7,5.9,.621,0.0,0.3,.059,3.7,5.7,.647,.622,1.0,1.4,.701,2.0,3.1,5.1,1.0,0.8,0.6,0.6,2.3,8.3,,MEM
12,Vince Williams Jr.,24,SG,27,5,18.5,2.5,6.2,.401,1.0,3.5,.274,1.5,2.7,.569,.479,0.7,0.9,.792,0.8,2.8,3.6,2.0,0.4,0.3,1.2,1.7,6.6,,MEM
13,GG Jackson II,20,PF,29,3,15.8,2.6,6.9,.372,1.1,3.3,.337,1.4,3.6,.404,.452,1.0,1.4,.725,0.9,2.2,3.2,1.0,0.4,0.2,1.1,1.0,7.2,,MEM
14,John Konchar,28,SG,46,4,12.1,0.9,2.0,.451,0.5,1.3,.371,0.4,0.6,.621,.577,0.2,0.2,.875,0.8,2.5,3.3,0.9,0.7,0.3,0.3,0.7,2.4,,MEM
15,Jay Huff,26,C,64,2,11.7,2.5,4.8,.515,1.3,3.1,.405,1.2,1.6,.724,.648,0.7,0.9,.786,0.5,1.5,2.0,0.6,0.3,0.9,0.5,1.2,6.9,,MEM
16,Cam Spencer,24,SG,25,1,10.1,1.4,3.3,.415,0.8,2.1,.358,0.6,1.2,.517,.530,0.8,0.8,1.000,0.5,0.7,1.2,1.4,0.4,0.0,0.2,0.9,4.2,,MEM
17,Lamar Stevens,27,PF,17,1,9.1,1.7,3.7,.460,0.5,1.6,.296,1.2,2.1,.583,.524,0.5,0.6,.727,0.2,2.0,2.2,0.5,0.3,0.2,0.6,0.9,4.4,,MEM
18,Marvin Bagley III,25,PF,12,1,8.3,1.4,2.9,.486,0.1,0.8,.111,1.3,2.2,.615,.500,0.7,1.0,.667,0.9,1.4,2.3,0.3,0.2,0.3,0.1,0.5,3.6,,MEM
19,Colin Castleton,24,C,10,0,4.6,0.2,1.0,.200,0.0,0.4,.000,0.2,0.6,.333,.200,1.0,1.1,.909,0.3,0.6,0.9,0.0,0.1,0.1,0.1,0.6,1.4,,MEM
20,Yuki Kawamura,23,PG,22,0,4.2,0.5,1.4,.367,0.3,1.0,.304,0.2,0.3,.571,.483,0.3,0.4,.778,0.0,0.5,0.5,0.9,0.1,0.0,0.2,0.4,1.6,,MEM
21,Zyon Pullin,23,SG,3,0,1.0,0.0,0.3,.000,0.0,0.0,,0.0,0.3,.000,.000,0.0,0.0,,0.0,0.0,0.0,0.0,0.0,0.0,0.0,0.0,0.0,,MEM
1,Tyler Herro,25,SG,77,77,35.4,8.5,17.9,.472,3.3,8.7,.375,5.2,9.2,.565,.563,3.7,4.2,.878,0.5,4.7,5.2,5.5,0.9,0.2,2.6,1.1,23.9,,MIA
2,Bam Adebayo,27,C,78,78,34.3,6.9,14.3,.485,1.0,2.8,.357,5.9,11.4,.517,.521,3.2,4.2,.765,2.4,7.2,9.6,4.3,1.3,0.7,2.1,2.1,18.1,,MIA
3,Andrew Wiggins,29,SF,17,17,32.1,6.8,14.8,.458,2.1,5.9,.360,4.6,8.9,.523,.530,3.4,4.6,.731,1.4,2.9,4.2,3.3,1.2,1.0,2.5,1.8,19.0,,MIA
4,Davion Mitchell,26,PG,30,15,31.6,3.9,7.7,.504,1.4,3.1,.447,2.5,4.6,.543,.595,1.1,1.6,.702,0.6,2.1,2.7,5.3,1.4,0.3,1.7,2.3,10.3,,MIA
5,Jimmy Butler,35,PF,25,25,30.6,5.7,10.5,.540,0.5,1.4,.361,5.2,9.1,.568,.565,5.2,6.4,.801,2.2,3.0,5.2,4.8,1.1,0.4,1.2,0.9,17.0,,MIA
6,Terry Rozier,30,PG,64,23,25.9,3.9,9.9,.391,1.4,4.8,.295,2.5,5.1,.480,.462,1.4,1.7,.852,0.7,3.0,3.7,2.6,0.6,0.2,1.2,1.1,10.6,,MIA
7,Nikola Jović,21,PF,46,10,25.1,3.7,8.2,.456,1.7,4.6,.371,2.0,3.6,.563,.560,1.6,1.9,.828,0.6,3.3,3.9,2.8,0.8,0.3,1.3,1.8,10.7,,MIA
8,Haywood Highsmith,28,SF,74,42,24.6,2.4,5.3,.458,1.2,3.1,.382,1.2,2.1,.570,.572,0.4,0.6,.721,1.0,2.4,3.4,1.5,0.9,0.5,0.7,2.2,6.5,,MIA
9,Duncan Robinson,30,SF,74,37,24.1,3.9,9.0,.437,2.6,6.5,.393,1.4,2.4,.556,.581,0.6,0.7,.887,0.2,2.0,2.3,2.4,0.5,0.1,1.2,1.8,11.0,,MIA
10,Kel'el Ware,20,C,64,36,22.2,4.0,7.3,.554,0.5,1.7,.315,3.5,5.5,.629,.592,0.7,1.0,.687,1.8,5.6,7.4,0.9,0.6,1.1,0.9,1.7,9.3,,MIA
11,Jaime Jaquez Jr.,23,SF,66,17,20.7,3.2,7.0,.461,0.6,1.8,.311,2.7,5.2,.513,.501,1.6,2.2,.754,1.3,3.1,4.4,2.5,0.9,0.2,1.5,1.2,8.6,,MIA
12,Dru Smith,27,SG,14,1,19.1,2.2,4.4,.508,1.1,2.1,.533,1.1,2.2,.484,.639,0.6,0.9,.750,0.9,1.7,2.6,1.6,1.5,0.4,1.2,2.1,6.2,,MIA
13,Josh Richardson,31,SG,8,0,18.8,1.4,4.8,.289,0.8,2.8,.273,0.6,2.0,.313,.368,0.5,0.5,1.000,0.8,0.8,1.5,1.5,1.0,0.1,1.0,2.1,4.0,,MIA
14,Kyle Anderson,31,SF,25,1,18.4,2.6,5.4,.493,0.2,0.7,.333,2.4,4.6,.517,.515,1.2,1.5,.789,1.0,2.8,3.8,2.6,0.6,0.5,0.7,1.6,6.7,,MIA
15,Alec Burks,33,SG,49,14,17.6,2.3,5.5,.424,1.8,4.2,.425,0.6,1.3,.422,.587,0.8,1.0,.776,0.3,2.2,2.5,1.1,0.6,0.1,0.6,0.8,7.3,,MIA
16,Pelle Larsson,23,SG,55,8,14.2,1.6,3.7,.438,0.6,1.7,.337,1.0,2.0,.528,.517,0.7,1.1,.672,0.5,1.2,1.7,1.2,0.6,0.1,0.4,1.7,4.6,,MIA
17,Thomas Bryant,27,C,10,0,11.5,1.2,2.8,.429,0.6,1.7,.353,0.6,1.1,.545,.536,1.1,1.1,1.000,0.6,2.6,3.2,0.4,0.1,0.9,0.2,0.9,4.1,,MIA
18,Kevin Love,36,PF,23,9,10.9,1.8,5.0,.357,1.0,2.9,.358,0.7,2.1,.354,.461,0.7,1.0,.696,1.0,3.1,4.1,1.0,0.7,0.2,0.6,0.9,5.3,,MIA
19,Keshad Johnson,23,SF,16,0,6.1,1.1,1.6,.692,0.2,0.4,.429,0.9,1.2,.789,.750,0.3,0.6,.444,0.4,1.4,1.8,0.3,0.3,0.3,0.3,0.7,2.7,,MIA
20,Josh Christopher,23,SG,14,0,4.9,0.8,2.2,.355,0.1,0.8,.182,0.6,1.4,.450,.387,0.3,0.4,.667,0.0,0.6,0.6,0.6,0.4,0.2,0.4,0.1,2.0,,MIA
21,Isaiah Stevens,24,PG,3,0,2.0,0.0,0.7,.000,0.0,0.3,.000,0.0,0.3,.000,.000,0.0,0.0,,0.0,0.7,0.7,0.0,0.3,0.0,0.0,0.0,0.0,,MIA
1,Damian Lillard,34,PG,58,58,36.1,7.7,17.1,.448,3.4,9.0,.376,4.3,8.1,.528,.547,6.2,6.8,.921,0.5,4.2,4.7,7.1,1.2,0.2,2.8,1.7,24.9,,MIL
2,Giannis Antetokounmpo,30,PF,67,67,34.2,11.8,19.7,.601,0.2,0.9,.222,11.6,18.7,.620,.607,6.5,10.6,.617,2.2,9.7,11.9,6.5,0.9,1.2,3.1,2.3,30.4,,MIL
3,Kyle Kuzma,29,PF,33,32,31.8,5.4,11.9,.455,1.5,4.6,.333,3.9,7.3,.533,.520,2.1,3.2,.663,0.8,4.8,5.6,2.2,0.5,0.4,2.2,2.0,14.5,,MIL
4,Brook Lopez,36,C,80,80,31.8,4.9,9.7,.509,1.7,4.7,.373,3.2,5.0,.636,.599,1.4,1.7,.826,1.4,3.6,5.0,1.8,0.6,1.9,1.1,2.1,13.0,,MIL
5,Taurean Prince,30,SF,80,73,27.1,2.9,6.4,.457,1.8,4.2,.439,1.1,2.2,.492,.600,0.5,0.6,.813,0.4,3.2,3.6,1.9,1.0,0.2,1.0,2.1,8.2,,MIL
6,Gary Trent Jr.,26,SG,74,9,25.6,3.8,8.9,.431,2.4,5.9,.416,1.4,3.0,.460,.568,1.1,1.2,.848,0.3,2.0,2.3,1.2,1.0,0.1,0.6,1.7,11.1,,MIL
7,Bobby Portis,29,PF,49,7,25.4,5.7,12.1,.466,1.3,3.6,.365,4.3,8.5,.508,.520,1.2,1.5,.836,1.8,6.6,8.4,2.1,0.7,0.5,1.2,1.9,13.9,,MIL
8,Khris Middleton,33,SF,23,7,23.2,4.7,9.2,.512,1.5,3.7,.407,3.2,5.4,.584,.595,1.7,2.0,.848,0.2,3.5,3.7,4.4,0.7,0.2,1.6,2.3,12.6,,MIL
9,A.J. Green,25,SG,73,7,22.7,2.5,5.8,.429,2.1,5.0,.427,0.4,0.8,.443,.612,0.3,0.4,.815,0.2,2.1,2.4,1.5,0.5,0.1,0.5,2.2,7.4,,MIL
10,Kevin Porter Jr.,24,SG,30,2,19.9,4.0,8.2,.494,1.0,2.4,.408,3.1,5.8,.529,.553,2.7,3.1,.871,0.4,3.5,3.9,3.7,1.3,0.1,1.7,1.6,11.7,,MIL
11,Delon Wright,32,PG,26,2,15.6,0.8,3.2,.268,0.5,1.9,.245,0.4,1.3,.303,.341,0.3,0.6,.563,0.6,1.2,1.8,1.8,0.9,0.3,0.5,0.7,2.5,,MIL
12,Jericho Sims,26,C,14,0,15.0,1.2,1.8,.680,0.0,0.0,,1.2,1.8,.680,.680,0.0,0.0,,1.4,3.4,4.9,0.8,0.1,0.6,0.9,1.4,2.4,,MIL
13,Pat Connaughton,32,SG,41,1,14.7,2.0,4.3,.469,0.6,2.0,.321,1.4,2.3,.594,.542,0.6,0.8,.774,0.5,2.2,2.7,1.7,0.2,0.3,0.6,1.1,5.3,,MIL
14,Andre Jackson Jr.,23,SG,67,43,14.6,1.4,2.9,.477,0.4,1.1,.395,1.0,1.8,.529,.553,0.2,0.4,.500,1.0,1.7,2.7,1.2,0.5,0.2,0.9,1.7,3.4,,MIL
15,Ryan Rollins,22,PG,56,19,14.6,2.4,4.8,.487,0.9,2.1,.408,1.5,2.7,.550,.577,0.6,0.8,.800,0.4,1.6,1.9,1.9,0.8,0.3,0.9,1.6,6.2,,MIL
16,Jamaree Bouyea,25,PG,5,1,12.4,1.2,2.4,.500,0.2,1.0,.200,1.0,1.4,.714,.542,0.8,1.2,.667,0.2,0.8,1.0,2.0,0.8,0.4,1.6,0.4,3.4,,MIL
17,Pete Nance,24,PF,6,1,11.7,1.5,2.8,.529,0.8,2.0,.417,0.7,0.8,.800,.676,0.0,0.0,,0.5,1.3,1.8,1.2,0.2,0.3,0.7,1.2,3.8,,MIL
18,AJ Johnson,20,SG,7,0,6.3,1.1,2.7,.421,0.4,0.7,.600,0.7,2.0,.357,.500,0.1,0.3,.500,0.0,1.0,1.0,1.0,0.1,0.0,0.6,0.0,2.9,,MIL
19,Tyler Smith,20,PF,23,0,5.3,1.0,2.2,.480,0.6,1.3,.433,0.5,0.9,.550,.610,0.3,0.3,.750,0.3,0.8,1.1,0.2,0.1,0.2,0.3,0.5,2.9,,MIL
20,Chris Livingston,21,SF,21,1,5.0,0.4,1.3,.333,0.0,0.4,.000,0.4,0.9,.474,.333,0.6,0.8,.750,0.5,1.2,1.7,0.2,0.2,0.0,0.3,0.4,1.4,,MIL
21,MarJon Beauchamp,24,SF,26,0,4.7,0.7,1.8,.383,0.3,0.8,.333,0.4,1.0,.423,.457,0.3,0.5,.750,0.3,1.0,1.2,0.3,0.1,0.0,0.5,0.4,2.0,,MIL
22,Liam Robbins,25,C,13,0,4.4,0.2,0.6,.250,0.0,0.2,.000,0.2,0.5,.333,.250,0.4,0.8,.500,0.5,0.4,0.9,0.2,0.2,0.2,0.5,0.7,0.7,,MIL
23,Stanley Umude,25,SG,22,0,3.9,0.2,1.2,.192,0.1,0.7,.200,0.1,0.5,.182,.250,0.1,0.2,.500,0.2,0.6,0.8,0.2,0.1,0.3,0.1,0.4,0.7,,MIL
1,Anthony Edwards,23,SG,79,79,36.3,9.1,20.4,.447,4.1,10.3,.395,5.1,10.1,.501,.547,5.3,6.3,.837,0.8,4.9,5.7,4.5,1.2,0.6,3.2,1.9,27.6,,MIN
2,Rudy Gobert,32,C,72,72,33.2,4.7,7.1,.669,0.0,0.0,,4.7,7.1,.669,.669,2.6,3.8,.674,3.7,7.2,10.9,1.8,0.8,1.4,1.2,2.5,12.0,,MIN
3,Julius Randle,30,PF,69,69,32.3,6.6,13.6,.485,1.6,4.6,.344,5.0,9.1,.555,.542,3.9,4.9,.806,2.1,5.0,7.1,4.7,0.7,0.2,2.8,2.5,18.7,,MIN
4,Jaden McDaniels,24,PF,82,82,31.9,4.9,10.2,.477,1.2,3.7,.330,3.6,6.5,.561,.537,1.3,1.6,.813,1.6,4.2,5.7,2.0,1.3,0.9,1.2,2.7,12.2,,MIN
5,Naz Reid,25,C,80,17,27.5,5.3,11.5,.462,2.2,5.8,.379,3.1,5.8,.544,.556,1.4,1.8,.776,1.2,4.9,6.0,2.3,0.7,0.9,1.4,2.4,14.2,,MIN
6,Donte DiVincenzo,28,SG,62,10,25.9,4.0,9.6,.422,2.8,7.1,.397,1.2,2.5,.490,.568,0.8,1.0,.778,0.5,3.2,3.7,3.6,1.2,0.3,1.6,1.8,11.7,,MIN
7,Nickeil Alexander-Walker,26,SG,82,10,25.3,3.3,7.5,.438,1.7,4.5,.381,1.6,3.0,.524,.553,1.1,1.4,.780,0.7,2.6,3.2,2.7,0.6,0.4,1.2,1.7,9.4,,MIN
8,Mike Conley,37,PG,71,64,24.7,2.6,6.6,.400,1.8,4.4,.410,0.8,2.2,.380,.535,1.1,1.3,.900,0.5,2.1,2.6,4.5,1.1,0.2,1.1,1.6,8.2,,MIN
9,Jaylen Clark,23,SG,40,4,13.1,1.4,3.0,.467,0.6,1.3,.431,0.9,1.7,.493,.558,0.7,0.9,.784,0.7,0.7,1.3,0.7,0.9,0.1,0.2,1.5,4.1,,MIN
10,Terrence Shannon Jr.,24,SG,32,1,10.6,1.7,3.6,.482,0.3,1.0,.355,1.4,2.6,.530,.531,0.5,0.7,.810,0.3,1.2,1.5,1.0,0.2,0.2,0.5,0.8,4.3,,MIN
11,Rob Dillingham,20,PG,49,1,10.5,1.9,4.3,.441,0.5,1.5,.338,1.4,2.8,.496,.500,0.2,0.3,.533,0.2,0.8,1.0,2.0,0.4,0.0,1.1,0.8,4.5,,MIN
12,Joe Ingles,37,SF,19,1,6.0,0.3,1.2,.261,0.2,0.8,.200,0.2,0.4,.375,.326,0.0,0.0,,0.1,0.5,0.6,1.2,0.1,0.0,0.5,0.6,0.8,,MIN
13,Josh Minott,22,SF,46,0,6.0,1.0,2.0,.489,0.3,0.9,.326,0.7,1.0,.638,.567,0.4,0.4,.895,0.3,0.8,1.0,0.4,0.3,0.3,0.2,0.7,2.6,,MIN
14,Luka Garza,26,C,39,0,5.6,1.3,2.7,.495,0.3,0.9,.278,1.1,1.8,.609,.543,0.6,0.9,.686,0.8,0.6,1.4,0.3,0.2,0.1,0.3,0.7,3.5,,MIN
15,Bones Hyland,24,PG,4,0,4.3,0.5,0.8,.667,0.3,0.5,.500,0.3,0.3,1.000,.833,0.0,0.0,,0.0,0.3,0.3,1.0,0.0,0.0,0.3,0.8,1.3,,MIN
16,Daishen Nix,22,PG,3,0,4.3,0.0,0.3,.000,0.0,0.3,.000,0.0,0.0,,.000,0.3,0.7,.500,0.0,1.3,1.3,1.0,0.0,0.0,1.3,0.3,0.3,,MIN
17,PJ Dozier,28,SG,9,0,3.9,0.2,0.3,.667,0.2,0.3,.667,0.0,0.0,,1.000,0.1,0.7,.167,0.1,0.4,0.6,0.6,0.1,0.0,0.1,0.3,0.8,,MIN
18,Tristen Newton,23,SG,3,0,2.7,0.0,0.7,.000,0.0,0.0,,0.0,0.7,.000,.000,0.0,0.0,,0.7,0.7,1.3,0.3,0.3,0.0,0.3,0.7,0.0,,MIN
19,Leonard Miller,21,SF,13,0,2.5,0.5,1.2,.400,0.0,0.4,.000,0.5,0.8,.600,.400,0.6,0.6,1.000,0.2,0.6,0.8,0.0,0.2,0.1,0.2,0.2,1.5,,MIN
20,Jesse Edwards,24,C,2,0,2.5,0.0,0.0,,0.0,0.0,,0.0,0.0,,,0.0,0.0,,0.0,0.0,0.0,0.5,0.0,0.0,0.0,1.0,0.0,,MIN
1,Trey Murphy III,24,SF,53,51,35.0,7.2,15.8,.454,3.0,8.3,.361,4.2,7.6,.556,.548,3.8,4.3,.887,0.9,4.2,5.1,3.5,1.1,0.7,1.9,2.1,21.2,,NOP
2,Brandon Ingram,27,SF,18,18,33.1,8.6,18.5,.465,2.4,6.4,.374,6.2,12.1,.514,.530,2.6,3.1,.855,0.9,4.6,5.6,5.2,0.9,0.6,3.8,2.5,22.2,,NOP
3,CJ McCollum,33,PG,56,56,32.7,7.9,17.9,.444,3.1,8.2,.373,4.9,9.7,.505,.530,2.2,3.1,.717,0.8,3.0,3.8,4.1,0.8,0.4,1.9,2.2,21.1,,NOP
4,Dejounte Murray,28,PG,31,31,32.6,6.3,15.9,.393,1.7,5.6,.299,4.6,10.3,.444,.445,3.3,4.0,.823,0.5,5.9,6.5,7.4,2.0,0.4,3.4,2.0,17.5,,NOP
5,Herbert Jones,26,SF,20,20,32.4,3.8,8.6,.436,1.1,3.6,.306,2.7,5.0,.530,.500,1.7,2.0,.825,1.1,2.8,3.9,3.3,1.9,0.5,1.8,3.3,10.3,,NOP
6,Zion Williamson,24,PF,30,30,28.6,9.6,16.9,.567,0.1,0.4,.231,9.5,16.5,.576,.570,5.3,8.0,.656,2.5,4.7,7.2,5.3,1.2,0.9,3.0,2.7,24.6,,NOP
7,Yves Missi,20,C,73,67,26.8,3.7,6.7,.547,0.0,0.0,.000,3.7,6.7,.548,.547,1.7,2.8,.623,3.5,4.7,8.2,1.4,0.5,1.3,1.1,2.0,9.1,,NOP
8,Kelly Olynyk,33,C,20,20,25.4,3.8,7.5,.500,0.7,1.8,.389,3.1,5.7,.535,.547,2.5,3.3,.754,1.9,4.0,5.9,3.6,0.9,0.6,2.1,3.2,10.7,,NOP
9,Bruce Brown,28,PG,23,12,24.7,3.2,7.7,.410,0.7,2.0,.356,2.5,5.8,.429,.455,1.2,1.6,.750,1.0,3.2,4.2,2.4,0.7,0.3,0.9,2.0,8.2,,NOP
10,Jose Alvarado,26,PG,56,23,24.4,3.6,9.3,.392,2.0,5.5,.359,1.7,3.8,.439,.498,1.1,1.3,.811,0.5,1.9,2.4,4.6,1.3,0.3,1.5,1.6,10.3,,NOP
11,Keion Brooks Jr.,24,SF,14,6,23.7,3.8,7.8,.486,1.0,3.1,.326,2.8,4.7,.591,.550,1.6,2.1,.733,0.9,3.3,4.1,0.9,0.7,0.7,0.9,2.1,10.1,,NOP
12,Jordan Hawkins,22,SG,56,9,23.6,3.7,9.9,.372,2.0,5.9,.331,1.7,4.0,.433,.471,1.4,1.8,.816,0.4,2.4,2.8,1.2,0.5,0.4,1.0,0.9,10.8,,NOP
13,Brandon Boston Jr.,23,SG,42,10,23.6,4.0,9.1,.436,1.2,3.3,.350,2.8,5.7,.485,.500,1.6,2.0,.788,0.7,2.5,3.2,2.2,1.3,0.2,1.2,1.7,10.7,,NOP
14,Javonte Green,31,SG,50,18,21.8,2.0,4.5,.446,0.8,2.2,.352,1.2,2.3,.534,.531,1.0,1.3,.758,1.0,2.6,3.6,0.9,1.1,0.6,0.6,1.5,5.8,,NOP
15,Elfrid Payton,30,PG,18,7,21.6,2.1,5.6,.366,0.1,0.3,.167,2.0,5.3,.379,.371,0.2,0.4,.571,0.8,2.9,3.7,8.1,1.0,0.4,2.9,1.3,4.4,,NOP
16,Jaylen Nowell,25,SG,8,0,21.0,3.3,9.1,.356,1.0,3.4,.296,2.3,5.8,.391,.411,0.9,1.4,.636,0.8,1.8,2.5,2.3,0.1,0.5,1.0,1.1,8.4,,NOP
17,Kylor Kelley,27,C,3,1,19.7,1.3,3.0,.444,0.0,0.0,,1.3,3.0,.444,.444,0.7,1.3,.500,1.3,4.7,6.0,1.0,0.3,0.3,1.0,2.3,3.3,,NOP
18,Jeremiah Robinson-Earl,24,PF,66,9,18.8,2.4,5.3,.455,0.8,2.5,.341,1.5,2.8,.557,.536,0.7,0.8,.836,1.7,3.1,4.8,1.3,0.6,0.1,0.8,1.2,6.3,,NOP
19,Karlo Matković,23,PF,42,7,18.8,3.2,5.6,.574,0.5,1.6,.318,2.7,4.0,.675,.619,0.8,1.0,.773,1.5,3.5,5.0,1.1,0.5,1.0,1.0,2.5,7.7,,NOP
20,Lester Quiñones,24,SG,9,0,18.4,3.0,7.8,.386,1.4,4.6,.317,1.6,3.2,.483,.479,1.1,1.3,.833,0.1,1.6,1.7,2.6,0.3,0.2,1.1,2.0,8.6,,NOP
21,Daniel Theis,32,C,38,9,16.3,1.6,3.4,.473,0.2,1.0,.243,1.4,2.4,.565,.508,0.8,1.0,.838,1.2,3.2,4.3,1.6,0.5,0.5,0.7,1.8,4.3,,NOP
22,Mo Bamba,26,C,4,0,15.3,1.0,2.3,.444,0.0,1.0,.000,1.0,1.3,.800,.444,0.5,0.5,1.000,1.5,4.8,6.3,0.5,0.0,0.8,0.3,1.8,2.5,,NOP
23,Antonio Reeves,24,SG,44,6,15.0,2.6,5.6,.456,1.2,2.9,.395,1.4,2.7,.521,.558,0.6,0.8,.800,0.4,1.0,1.4,0.9,0.5,0.1,0.7,0.9,6.9,,NOP
24,Jamal Cain,25,SF,37,0,13.6,1.8,4.3,.430,0.7,2.2,.325,1.1,2.1,.538,.513,0.9,1.4,.680,0.7,1.6,2.3,0.6,0.6,0.2,0.6,1.2,5.3,,NOP
25,Trey Jemison,25,C,16,0,10.4,0.9,2.0,.469,0.0,0.0,,0.9,2.0,.469,.469,0.5,1.3,.381,1.4,1.4,2.8,0.6,0.4,0.4,0.6,1.7,2.4,,NOP
1,Josh Hart,29,SG,77,77,37.6,5.2,10.0,.525,1.1,3.3,.333,4.2,6.7,.618,.579,2.1,2.7,.776,2.1,7.5,9.6,5.9,1.5,0.4,2.1,2.6,13.6,,NYK
2,Mikal Bridges,28,SF,82,82,37.0,7.2,14.4,.500,2.0,5.6,.354,5.2,8.8,.594,.570,1.2,1.4,.814,0.9,2.3,3.2,3.7,0.9,0.5,1.6,1.5,17.6,,NYK
3,OG Anunoby,27,PF,74,74,36.6,6.6,13.9,.476,2.3,6.2,.372,4.3,7.7,.561,.559,2.5,3.1,.810,1.3,3.5,4.8,2.2,1.5,0.9,1.4,2.3,18.0,,NYK
4,Jalen Brunson,28,PG,65,65,35.4,9.0,18.5,.488,2.3,6.1,.383,6.7,12.4,.539,.551,5.7,6.9,.821,0.4,2.5,2.9,7.3,0.9,0.1,2.5,2.1,26.0,,NYK
5,Karl-Anthony Towns,29,C,72,72,35.0,8.9,16.9,.526,2.0,4.7,.420,6.9,12.2,.567,.584,4.7,5.7,.829,2.9,9.8,12.8,3.1,1.0,0.7,2.7,3.5,24.4,,NYK
6,Miles McBride,24,PG,64,10,24.9,3.5,8.5,.406,1.8,4.9,.369,1.7,3.7,.455,.511,0.8,1.0,.813,0.7,1.8,2.5,2.9,1.0,0.3,0.6,1.7,9.5,,NYK
7,Precious Achiuwa,25,C,57,10,20.5,2.9,5.7,.502,0.2,0.6,.278,2.7,5.1,.529,.517,0.7,1.2,.594,1.8,3.8,5.6,1.0,0.8,0.7,0.8,1.4,6.6,,NYK
8,P.J. Tucker,39,SF,3,1,19.3,1.0,2.3,.429,1.0,2.0,.500,0.0,0.3,.000,.643,0.0,0.0,,1.3,1.3,2.7,0.0,0.3,0.3,0.3,2.7,3.0,,NYK
9,Mitchell Robinson,26,C,17,3,17.1,2.2,3.3,.661,0.0,0.0,,2.2,3.3,.661,.661,0.8,1.1,.684,3.1,2.9,5.9,0.8,0.9,1.1,0.6,1.5,5.1,,NYK
10,Delon Wright,32,PG,14,5,16.4,1.6,3.5,.469,0.6,1.7,.333,1.1,1.8,.600,.551,0.4,0.6,.667,0.9,0.6,1.4,2.1,0.9,0.2,0.6,0.6,4.3,,NYK
11,Landry Shamet,27,SG,50,0,15.2,2.1,4.6,.461,1.2,3.1,.397,0.9,1.5,.595,.596,0.2,0.4,.667,0.2,1.0,1.2,0.5,0.5,0.0,0.4,1.0,5.7,,NYK
12,Cameron Payne,30,PG,72,5,15.1,2.5,6.2,.401,1.3,3.6,.363,1.2,2.6,.453,.506,0.7,0.8,.907,0.2,1.3,1.4,2.8,0.5,0.2,0.7,1.5,6.9,,NYK
13,Jericho Sims,26,C,39,5,10.8,0.7,1.2,.609,0.0,0.0,,0.7,1.2,.609,.609,0.2,0.3,.615,1.3,2.0,3.3,0.6,0.2,0.3,0.5,1.2,1.6,,NYK
14,Ariel Hukporti,22,C,25,1,8.7,0.8,1.2,.677,0.0,0.0,,0.8,1.2,.677,.677,0.2,0.5,.462,0.6,1.5,2.0,0.4,0.0,0.6,0.8,1.3,1.9,,NYK
15,Kevin McCullar Jr.,23,SF,4,0,7.3,0.5,1.8,.286,0.0,0.3,.000,0.5,1.5,.333,.286,0.5,0.5,1.000,0.0,2.0,2.0,0.5,0.3,0.3,0.0,1.5,1.5,,NYK
16,Tyler Kolek,23,PG,41,0,7.2,0.7,2.0,.329,0.3,1.1,.298,0.3,0.9,.371,.415,0.3,0.4,.765,0.2,0.5,0.7,1.7,0.3,0.1,0.4,0.6,2.0,,NYK
17,Pacome Dadiet,19,SG,18,0,6.2,0.6,1.7,.323,0.3,1.1,.316,0.2,0.7,.333,.419,0.2,0.3,.667,0.2,0.8,1.0,0.3,0.2,0.1,0.2,0.4,1.7,,NYK
18,Matt Ryan,27,SF,19,0,3.6,0.5,1.6,.323,0.3,1.0,.316,0.2,0.6,.333,.419,0.1,0.1,1.000,0.0,0.4,0.4,0.2,0.1,0.0,0.2,0.1,1.5,,NYK
19,Jacob Toppin,24,SF,16,0,3.1,0.2,0.6,.300,0.0,0.1,.000,0.2,0.5,.375,.300,0.0,0.0,,0.1,0.6,0.7,0.3,0.1,0.0,0.1,0.2,0.4,,NYK
20,MarJon Beauchamp,24,SF,6,0,2.8,0.8,1.8,.455,0.2,0.8,.200,0.7,1.0,.667,.500,0.7,0.7,1.000,0.3,1.2,1.5,0.2,0.2,0.0,0.2,0.3,2.5,,NYK
21,Anton Watson,24,SF,9,0,2.4,0.4,1.0,.444,0.0,0.1,.000,0.4,0.9,.500,.444,0.0,0.0,,0.1,0.2,0.3,0.2,0.1,0.0,0.2,0.3,0.9,,NYK
1,Shai Gilgeous-Alexander,26,PG,76,76,34.2,11.3,21.8,.519,2.1,5.7,.375,9.2,16.1,.571,.569,7.9,8.8,.898,0.9,4.1,5.0,6.4,1.7,1.0,2.4,2.2,32.7,,OKC
2,Jalen Williams,23,SG,69,69,32.4,8.2,16.9,.484,1.8,4.9,.365,6.4,12.0,.533,.537,3.4,4.3,.789,0.9,4.5,5.3,5.1,1.6,0.7,2.2,2.3,21.6,,OKC
3,Luguentz Dort,25,SF,71,71,29.2,3.6,8.4,.435,2.4,5.8,.412,1.2,2.5,.489,.578,0.5,0.6,.717,1.3,2.9,4.1,1.6,1.1,0.5,0.7,2.9,10.1,,OKC
4,Isaiah Hartenstein,26,C,57,53,27.9,4.9,8.4,.581,0.0,0.3,.000,4.9,8.1,.605,.581,1.4,2.1,.675,2.9,7.9,10.7,3.8,0.8,1.1,1.7,3.0,11.2,,OKC
5,Cason Wallace,21,SG,68,43,27.6,3.4,7.2,.474,1.1,3.1,.356,2.3,4.1,.562,.550,0.4,0.5,.811,1.0,2.3,3.4,2.5,1.8,0.5,0.9,2.1,8.4,,OKC
6,Chet Holmgren,22,C,32,32,27.4,5.2,10.7,.490,1.4,3.6,.379,3.8,7.0,.547,.554,3.2,4.2,.754,1.5,6.5,8.0,2.0,0.7,2.2,1.8,2.3,15.0,,OKC
7,Aaron Wiggins,26,SG,76,26,22.9,4.7,9.6,.488,1.7,4.5,.383,3.0,5.1,.578,.577,1.0,1.2,.831,1.1,2.8,3.9,1.8,0.8,0.2,0.9,1.3,12.0,,OKC
8,Isaiah Joe,25,SG,74,16,21.7,3.5,7.9,.440,2.6,6.3,.412,0.9,1.6,.549,.604,0.6,0.8,.821,0.6,2.1,2.6,1.6,0.6,0.1,0.5,1.5,10.2,,OKC
9,Alex Caruso,30,SG,54,3,19.3,2.6,5.8,.446,1.1,3.1,.353,1.5,2.7,.556,.541,0.8,0.9,.824,0.7,2.2,2.9,2.5,1.6,0.6,0.7,1.9,7.1,,OKC
10,Jaylin Williams,22,PF,47,9,16.7,2.1,4.7,.439,1.3,3.3,.399,0.8,1.4,.529,.577,0.5,0.6,.767,1.0,4.6,5.6,2.6,0.5,0.6,0.7,1.7,5.9,,OKC
11,Ajay Mitchell,22,SG,36,1,16.6,2.5,5.1,.495,0.6,1.7,.383,1.9,3.4,.548,.557,0.8,1.0,.829,0.5,1.4,1.9,1.8,0.7,0.1,0.8,1.9,6.5,,OKC
12,Kenrich Williams,30,PF,69,7,16.4,2.5,5.1,.483,1.0,2.5,.386,1.5,2.7,.574,.576,0.4,0.6,.718,0.9,2.6,3.5,1.4,0.6,0.1,0.6,1.6,6.3,,OKC
13,Ousmane Dieng,21,C,37,1,10.9,1.5,3.4,.432,0.6,1.9,.324,0.8,1.5,.574,.524,0.3,0.4,.688,0.5,1.7,2.2,0.8,0.5,0.2,0.5,0.9,3.8,,OKC
14,Dillon Jones,23,SF,54,3,10.2,0.9,2.5,.383,0.3,1.2,.254,0.6,1.3,.500,.444,0.3,0.5,.607,0.6,1.7,2.2,1.1,0.3,0.1,0.5,1.0,2.5,,OKC
15,Branden Carlson,25,C,32,0,7.7,1.3,3.0,.443,0.7,2.1,.333,0.7,1.0,.677,.557,0.4,0.6,.778,0.5,1.2,1.7,0.4,0.2,0.7,0.2,0.7,3.8,,OKC
16,Alex Ducas,24,SG,21,0,6.0,0.6,1.4,.400,0.5,1.0,.476,0.1,0.4,.222,.567,0.1,0.1,1.000,0.4,0.8,1.2,0.2,0.2,0.0,0.2,0.6,1.7,,OKC
17,Adam Flagler,25,SG,37,0,5.5,0.7,2.6,.260,0.4,1.9,.194,0.3,0.6,.458,.333,0.0,0.1,.500,0.2,0.5,0.7,0.3,0.2,0.1,0.1,0.4,1.8,,OKC
18,Malevy Leons,25,SF,6,0,3.5,0.0,0.3,.000,0.0,0.2,.000,0.0,0.2,.000,.000,0.3,0.7,.500,0.2,0.3,0.5,0.2,0.0,0.0,0.2,0.7,0.3,,OKC
19,Alex Reese,25,PF,1,0,2.0,1.0,1.0,1.000,0.0,0.0,,1.0,1.0,1.000,1.000,0.0,0.0,,1.0,0.0,1.0,0.0,0.0,0.0,0.0,0.0,2.0,,OKC
1,Paolo Banchero,22,PF,46,46,34.4,9.0,19.8,.452,1.9,5.9,.320,7.1,13.9,.509,.500,6.1,8.4,.727,1.1,6.4,7.5,4.8,0.8,0.6,3.0,2.1,25.9,,ORL
2,Franz Wagner,23,SF,60,60,33.7,9.0,19.4,.463,1.7,5.9,.295,7.2,13.5,.535,.507,4.5,5.2,.871,0.9,4.8,5.7,4.7,1.3,0.4,2.3,2.5,24.2,,ORL
3,Kentavious Caldwell-Pope,31,SG,77,77,29.6,3.1,7.1,.439,1.5,4.3,.342,1.6,2.8,.589,.543,1.1,1.2,.863,0.4,1.8,2.2,1.8,1.3,0.4,0.8,1.8,8.7,,ORL
4,Jalen Suggs,23,PG,35,35,28.6,5.6,13.7,.410,2.2,6.9,.314,3.5,6.8,.506,.489,2.8,3.1,.882,0.7,3.4,4.0,3.7,1.5,0.9,2.9,2.8,16.2,,ORL
5,Wendell Carter Jr.,25,C,68,51,25.9,3.3,7.2,.460,0.5,2.3,.234,2.8,4.9,.568,.498,1.9,2.6,.737,2.2,5.0,7.2,2.0,0.8,0.6,1.1,2.9,9.1,,ORL
6,Anthony Black,21,PG,78,10,24.2,3.4,7.9,.423,0.8,2.5,.318,2.6,5.4,.471,.473,1.9,2.5,.761,0.7,2.3,2.9,3.1,1.1,0.6,1.8,2.1,9.4,,ORL
7,Tristan Da Silva,23,SF,74,38,22.0,2.7,6.5,.412,1.1,3.2,.335,1.6,3.3,.488,.495,0.7,0.9,.873,1.0,2.3,3.3,1.5,0.4,0.2,0.8,1.3,7.2,,ORL
8,Goga Bitadze,25,C,70,42,20.4,3.0,4.8,.611,0.0,0.4,.107,2.9,4.4,.656,.615,1.2,1.9,.639,2.4,4.2,6.6,2.0,0.7,1.4,1.0,2.1,7.2,,ORL
9,Moritz Wagner,27,C,30,1,18.8,4.7,8.3,.562,0.9,2.5,.360,3.8,5.8,.649,.616,2.6,3.7,.718,1.3,3.6,4.9,1.4,0.8,0.4,1.6,1.8,12.9,,ORL
10,Cole Anthony,24,PG,67,22,18.4,3.4,8.1,.424,1.1,3.3,.353,2.3,4.9,.471,.494,1.4,1.7,.823,0.7,2.4,3.0,2.9,0.7,0.5,1.5,2.3,9.4,,ORL
11,Jonathan Isaac,27,PF,71,1,15.4,1.9,4.6,.414,0.5,2.1,.258,1.3,2.4,.549,.474,1.0,1.5,.682,1.7,2.7,4.4,0.6,0.9,1.1,0.5,1.3,5.4,,ORL
12,Gary Harris,30,SG,48,3,14.8,1.1,2.8,.383,0.8,2.1,.356,0.3,0.7,.469,.519,0.1,0.3,.583,0.4,0.9,1.3,0.6,0.5,0.3,0.4,0.9,3.0,,ORL
13,Trevelin Queen,27,SG,31,2,13.9,1.8,4.7,.381,0.7,2.5,.286,1.1,2.3,.486,.456,0.6,0.7,.857,0.8,0.9,1.7,1.2,1.0,0.3,0.7,1.2,4.9,,ORL
14,Caleb Houstan,22,SF,58,6,13.6,1.4,3.3,.421,1.1,2.8,.400,0.3,0.5,.533,.589,0.3,0.3,.882,0.3,1.0,1.3,0.6,0.4,0.1,0.2,1.1,4.1,,ORL
15,Cory Joseph,33,PG,50,16,12.2,1.2,3.1,.403,0.8,2.1,.364,0.5,0.9,.489,.529,0.3,0.4,.778,0.3,1.1,1.5,1.4,0.5,0.1,0.4,1.0,3.5,,ORL
16,Jett Howard,21,SF,60,0,11.7,1.6,4.4,.374,0.9,3.1,.296,0.7,1.3,.566,.479,0.3,0.4,.696,0.3,0.8,1.2,0.7,0.2,0.2,0.6,1.1,4.5,,ORL
17,Mac McClung,26,SG,2,0,5.0,0.0,1.0,.000,0.0,0.5,.000,0.0,0.5,.000,.000,0.0,0.0,,0.0,0.5,0.5,1.5,0.0,0.0,0.0,1.0,0.0,,ORL
1,Tyrese Maxey,24,PG,52,52,37.7,9.2,21.0,.437,3.1,9.2,.337,6.1,11.8,.515,.511,4.9,5.6,.879,0.3,3.1,3.3,6.1,1.8,0.4,2.4,2.2,26.3,,PHI
2,Kelly Oubre Jr.,29,SF,60,57,34.6,5.8,12.4,.470,1.2,4.0,.293,4.6,8.3,.555,.518,2.3,3.1,.751,1.6,4.5,6.1,1.8,1.5,0.5,1.3,3.0,15.1,,PHI
3,Quentin Grimes,24,SG,28,25,33.7,7.7,16.4,.469,2.9,7.9,.373,4.8,8.5,.559,.559,3.6,4.8,.752,1.0,4.1,5.2,4.5,1.5,0.4,2.9,2.1,21.9,,PHI
4,Paul George,34,PF,41,41,32.5,6.0,13.9,.430,2.3,6.5,.358,3.6,7.4,.493,.514,1.9,2.4,.814,0.6,4.8,5.3,4.3,1.8,0.5,2.6,2.5,16.2,,PHI
5,Caleb Martin,29,SF,31,24,30.4,3.3,7.5,.435,1.1,2.8,.379,2.2,4.7,.469,.506,1.5,2.4,.622,1.4,3.0,4.4,2.2,1.1,0.6,1.4,2.0,9.1,,PHI
6,Joel Embiid,30,C,19,19,30.2,7.4,16.6,.444,1.2,4.1,.299,6.2,12.5,.492,.481,7.8,8.9,.882,1.9,6.3,8.2,4.5,0.7,0.9,3.3,2.2,23.8,,PHI
7,Guerschon Yabusele,29,C,70,43,27.1,4.0,8.0,.501,1.5,3.9,.380,2.5,4.1,.616,.593,1.4,2.0,.725,1.9,3.7,5.6,2.1,0.8,0.3,1.2,2.3,11.0,,PHI
8,Justin Edwards,21,SF,44,26,26.3,3.9,8.6,.455,1.6,4.3,.363,2.3,4.3,.548,.546,0.7,1.0,.696,1.0,2.3,3.4,1.6,1.0,0.4,1.1,2.2,10.1,,PHI
9,Jared McCain,20,SG,23,8,25.7,5.5,11.9,.460,2.2,5.8,.383,3.3,6.1,.532,.553,2.1,2.4,.875,0.6,1.9,2.4,2.6,0.7,0.0,1.6,1.6,15.3,,PHI
10,Marcus Bagley,23,SF,10,4,25.3,2.7,6.9,.391,0.5,3.2,.156,2.2,3.7,.595,.428,0.8,1.0,.800,2.3,4.7,7.0,1.0,0.9,1.2,0.7,1.6,6.7,,PHI
11,Chuma Okeke,26,PF,7,3,24.4,2.6,4.7,.545,1.4,3.1,.455,1.1,1.6,.727,.697,0.3,0.4,.667,2.9,3.3,6.1,1.9,0.7,0.4,0.4,0.7,6.9,,PHI
12,Jared Butler,24,SG,28,17,24.4,4.2,9.9,.426,1.6,4.6,.352,2.6,5.3,.490,.507,1.4,1.6,.870,0.4,2.1,2.5,4.9,1.1,0.3,1.8,2.0,11.5,,PHI
13,Lonnie Walker IV,26,SG,20,7,23.9,4.5,10.6,.420,2.3,6.4,.354,2.2,4.3,.518,.526,1.2,1.5,.800,0.3,2.9,3.2,2.5,0.5,0.3,1.3,1.4,12.4,,PHI
14,Oshae Brissett,26,SF,6,2,23.7,3.2,6.5,.487,1.0,3.0,.333,2.2,3.5,.619,.564,1.3,2.3,.571,1.2,2.5,3.7,0.7,0.7,0.5,1.3,2.3,8.7,,PHI
15,Jalen Hood-Schifino,21,SG,13,0,23.2,2.8,7.5,.371,1.1,3.5,.304,1.7,3.9,.431,.443,1.2,1.5,.842,0.2,1.8,2.0,2.8,0.4,0.5,1.3,1.7,7.8,,PHI
16,KJ Martin,24,PF,24,7,20.0,2.5,4.1,.616,0.3,0.9,.381,2.2,3.3,.679,.657,1.0,1.2,.828,0.9,2.1,3.0,0.8,0.5,0.7,0.5,2.6,6.4,,PHI
17,Eric Gordon,36,SG,39,13,19.7,2.2,5.2,.426,1.4,3.5,.409,0.8,1.7,.463,.564,0.9,1.2,.750,0.2,1.0,1.2,1.7,0.7,0.3,0.7,0.8,6.8,,PHI
18,Colin Castleton,24,C,5,0,19.6,2.4,4.8,.500,0.0,0.8,.000,2.4,4.0,.600,.500,1.2,1.8,.667,3.2,4.2,7.4,2.0,0.2,0.2,0.2,2.6,6.0,,PHI
19,Kyle Lowry,38,PG,35,12,18.8,1.2,3.3,.350,0.8,2.5,.330,0.3,0.8,.414,.474,0.8,0.9,.818,0.3,1.6,1.9,2.7,0.9,0.3,0.6,1.8,3.9,,PHI
20,Andre Drummond,31,C,40,23,18.8,2.9,5.9,.500,0.1,0.5,.150,2.9,5.4,.533,.506,1.4,2.3,.622,2.7,5.0,7.8,0.9,1.0,0.5,1.4,2.4,7.3,,PHI
21,Ricky Council IV,23,SF,73,12,17.1,2.4,6.3,.382,0.8,2.9,.258,1.7,3.4,.488,.442,1.7,2.1,.804,0.7,2.2,2.9,1.3,0.4,0.2,0.7,0.9,7.3,,PHI
22,Isaiah Mobley,25,PF,1,0,17.0,2.0,7.0,.286,1.0,3.0,.333,1.0,4.0,.250,.357,1.0,2.0,.500,1.0,3.0,4.0,5.0,1.0,1.0,0.0,3.0,6.0,,PHI
23,Adem Bona,21,C,58,11,15.6,2.3,3.3,.703,0.0,0.0,.000,2.3,3.3,.707,.703,1.2,1.7,.670,1.6,2.6,4.2,0.5,0.4,1.2,1.1,2.2,5.8,,PHI
24,Alex Reese,25,PF,14,0,15.3,1.8,3.8,.472,1.1,2.9,.366,0.7,0.9,.833,.613,0.6,0.9,.750,0.6,2.7,3.3,0.3,0.7,0.7,0.4,1.5,5.3,,PHI
25,Jeff Dowtin,27,PG,41,3,15.1,2.7,5.6,.487,0.7,1.7,.400,2.0,3.9,.525,.548,0.8,1.1,.733,0.3,1.2,1.5,1.9,0.6,0.3,0.4,0.7,7.0,,PHI
26,Reggie Jackson,34,PG,31,1,12.4,1.7,4.3,.391,0.8,2.4,.338,0.9,1.9,.458,.485,0.2,0.3,.778,0.3,1.1,1.4,1.5,0.5,0.1,0.5,1.1,4.4,,PHI
27,Pete Nance,24,C,7,0,9.7,0.7,2.1,.333,0.6,1.7,.333,0.1,0.4,.333,.467,0.1,0.3,.500,0.3,1.1,1.4,0.4,0.1,0.0,0.0,1.4,2.1,,PHI
28,David Roddy,23,PF,3,0,9.7,2.7,6.3,.421,0.7,3.7,.182,2.0,2.7,.750,.474,0.0,0.0,,0.7,2.3,3.0,1.0,0.7,0.0,0.3,0.3,6.0,,PHI
29,Phillip Wheeler,22,PF,5,0,8.8,0.6,4.2,.143,0.0,2.0,.000,0.6,2.2,.273,.143,0.4,0.4,1.000,0.4,1.2,1.6,0.4,0.2,0.4,0.2,0.2,1.6,,PHI
30,Lester Quiñones,24,SG,4,0,4.3,1.0,2.0,.500,0.0,0.8,.000,1.0,1.3,.800,.500,0.3,0.3,1.000,0.8,0.3,1.0,0.3,0.0,0.0,1.0,0.0,2.3,,PHI
1,Devin Booker,28,SG,75,75,37.3,8.7,18.9,.461,2.4,7.3,.332,6.3,11.6,.542,.525,5.8,6.4,.894,1.0,3.1,4.1,7.1,0.9,0.2,2.9,2.6,25.6,,PHO
2,Kevin Durant,36,PF,62,62,36.5,9.5,18.1,.527,2.6,6.0,.430,7.0,12.1,.574,.598,4.9,5.8,.839,0.4,5.7,6.0,4.2,0.8,1.2,3.1,1.7,26.6,,PHO
3,Bradley Beal,31,SG,53,38,32.1,6.5,13.1,.497,1.9,5.0,.386,4.6,8.1,.565,.571,2.1,2.6,.803,0.6,2.7,3.3,3.7,1.1,0.5,1.9,2.6,17.0,,PHO
4,Tyus Jones,28,PG,81,58,26.8,3.8,8.4,.448,2.0,5.0,.414,1.7,3.5,.496,.570,0.6,0.7,.895,0.5,1.9,2.4,5.3,0.9,0.1,1.1,0.8,10.2,,PHO
5,Royce O'Neale,31,SF,75,22,24.5,3.2,7.6,.423,2.4,5.9,.406,0.8,1.7,.481,.580,0.3,0.3,.731,0.7,3.9,4.7,2.2,0.9,0.5,0.9,2.0,9.1,,PHO
6,Grayson Allen,29,SG,64,7,24.1,3.4,7.6,.448,2.3,5.5,.426,1.1,2.2,.504,.600,1.5,1.8,.816,0.5,2.5,3.0,2.1,0.8,0.3,1.2,1.5,10.6,,PHO
7,Jusuf Nurkić,30,C,25,23,23.7,3.0,6.5,.454,0.8,2.4,.322,2.2,4.2,.529,.512,1.9,2.8,.696,1.8,7.3,9.2,1.9,0.9,0.6,2.3,3.1,8.6,,PHO
8,Nick Richards,27,C,36,34,22.7,3.9,6.5,.605,0.0,0.0,.000,3.9,6.4,.608,.605,1.7,2.0,.822,2.7,5.9,8.6,0.6,0.2,0.8,1.3,2.6,9.5,,PHO
9,Ryan Dunn,22,SF,74,44,19.1,2.8,6.4,.430,1.1,3.6,.311,1.7,2.9,.577,.516,0.3,0.5,.487,1.2,2.4,3.6,0.8,0.6,0.5,0.5,2.2,6.9,,PHO
10,Mason Plumlee,34,C,74,21,17.6,1.7,2.7,.619,0.0,0.1,.000,1.7,2.7,.631,.619,1.1,1.7,.648,1.6,4.6,6.1,1.8,0.4,0.6,0.8,2.1,4.5,,PHO
11,Oso Ighodaro,22,PF,61,6,17.1,1.9,3.1,.604,0.0,0.0,.000,1.9,3.0,.611,.604,0.5,0.8,.580,1.1,2.6,3.6,1.2,0.5,0.5,0.6,1.7,4.2,,PHO
12,Cody Martin,29,SF,14,0,14.7,1.4,4.1,.351,0.2,1.9,.111,1.2,2.1,.567,.377,0.6,0.9,.750,0.9,2.5,3.4,1.1,0.9,0.4,0.6,1.6,3.7,,PHO
13,Collin Gillespie,25,PG,33,9,14.0,2.1,4.8,.430,1.2,2.7,.433,0.9,2.1,.426,.554,0.6,0.7,.864,0.7,1.7,2.4,2.4,0.6,0.2,0.5,0.9,5.9,,PHO
14,Josh Okogie,26,SG,25,1,14.0,2.2,4.6,.491,0.6,1.7,.381,1.6,2.9,.556,.561,0.9,1.3,.688,1.3,1.6,2.9,0.6,0.8,0.4,0.6,1.1,6.0,,PHO
15,Monte Morris,29,PG,45,0,12.7,1.8,4.3,.426,0.7,1.9,.360,1.2,2.4,.477,.505,0.8,0.9,.857,0.3,1.2,1.5,1.6,0.4,0.1,0.5,0.5,5.2,,PHO
16,Bol Bol,25,PF,36,10,12.4,2.7,5.1,.525,0.9,2.6,.344,1.8,2.5,.711,.612,0.6,0.7,.769,0.6,2.3,2.9,0.6,0.3,0.7,0.6,0.6,6.8,,PHO
17,TyTy Washington Jr.,23,PG,16,0,7.4,0.9,2.8,.311,0.3,1.3,.190,0.6,1.5,.417,.356,0.2,0.4,.500,0.3,0.6,0.8,1.0,0.2,0.0,0.2,0.3,2.2,,PHO
18,Damion Lee,32,SG,25,0,5.8,1.1,3.0,.365,0.4,1.5,.243,0.7,1.5,.486,.426,0.8,0.8,.952,0.1,0.7,0.8,0.4,0.2,0.0,0.4,0.2,3.3,,PHO
19,Vasilije Micić,31,PG,5,0,4.2,0.0,0.0,,0.0,0.0,,0.0,0.0,,,0.0,0.0,,0.0,0.4,0.4,0.2,0.0,0.0,0.6,0.2,0.0,,PHO
20,Jalen Bridges,23,SF,8,0,3.8,0.3,0.9,.286,0.3,0.9,.286,0.0,0.0,,.429,0.4,0.5,.750,0.0,0.5,0.5,0.0,0.0,0.0,0.5,0.0,1.1,,PHO
1,Toumani Camara,24,PF,78,78,32.7,4.2,9.2,.458,1.7,4.6,.375,2.5,4.6,.542,.552,1.2,1.6,.722,2.2,3.6,5.8,2.2,1.5,0.6,1.4,2.9,11.3,,POR
2,Anfernee Simons,25,SG,70,70,32.7,6.8,16.1,.426,3.1,8.5,.363,3.8,7.6,.496,.521,2.5,2.8,.902,0.4,2.3,2.7,4.8,0.9,0.1,2.0,1.7,19.3,,POR
3,Jerami Grant,30,PF,47,47,32.4,4.6,12.2,.373,2.3,6.3,.365,2.3,5.9,.381,.467,3.0,3.5,.849,0.6,2.9,3.5,2.1,0.9,1.0,1.4,2.3,14.4,,POR
4,Shaedon Sharpe,21,SG,72,52,31.3,6.9,15.3,.452,2.0,6.6,.311,4.9,8.8,.557,.519,2.6,3.4,.785,0.9,3.6,4.5,2.8,0.9,0.2,2.1,1.7,18.5,,POR
5,Deandre Ayton,26,C,40,40,30.2,6.6,11.7,.566,0.2,0.8,.188,6.5,10.9,.594,.573,1.0,1.5,.667,3.1,7.1,10.2,1.6,0.8,1.0,1.7,2.2,14.4,,POR
6,Deni Avdija,24,SF,72,54,30.0,5.6,11.7,.476,1.7,4.8,.365,3.8,7.0,.552,.550,4.0,5.2,.780,1.5,5.7,7.3,3.9,1.0,0.5,2.7,2.4,16.9,,POR
7,Scoot Henderson,20,PG,66,10,26.7,4.3,10.4,.419,1.6,4.5,.354,2.8,5.9,.469,.496,2.4,3.1,.767,0.8,2.2,3.0,5.1,1.0,0.2,2.7,2.7,12.7,,POR
8,Matisse Thybulle,27,SG,15,5,20.8,2.8,5.9,.477,1.4,3.2,.438,1.4,2.7,.525,.597,0.5,1.0,.467,0.9,2.5,3.5,1.9,2.2,0.6,0.9,0.9,7.5,,POR
9,Donovan Clingan,20,C,67,37,19.8,2.7,5.0,.539,0.2,0.7,.286,2.5,4.3,.582,.560,0.9,1.6,.596,3.2,4.6,7.9,1.1,0.5,1.6,1.1,2.8,6.5,,POR
10,Robert Williams,27,C,20,3,17.6,2.5,3.9,.641,0.1,0.2,.333,2.5,3.8,.653,.647,0.8,0.9,.882,1.8,4.2,5.9,1.1,0.7,1.7,0.9,1.6,5.8,,POR
11,Dalano Banton,25,PG,67,7,16.7,3.0,7.6,.391,1.1,3.3,.324,1.9,4.3,.442,.462,1.4,1.9,.728,0.4,1.6,2.0,2.4,0.6,0.5,1.3,0.9,8.3,,POR
12,Kris Murray,24,SF,69,6,15.1,1.7,4.0,.419,0.4,1.7,.225,1.3,2.3,.566,.468,0.4,0.8,.456,1.1,1.5,2.6,1.0,0.5,0.2,0.6,1.0,4.2,,POR
13,Jabari Walker,22,SF,60,1,12.5,2.0,3.8,.515,0.5,1.2,.389,1.5,2.6,.573,.576,0.8,1.2,.690,1.0,2.5,3.5,0.6,0.6,0.1,0.6,1.5,5.2,,POR
14,Sidy Cissoko,20,SF,5,0,12.0,0.8,2.4,.333,0.0,1.2,.000,0.8,1.2,.667,.333,0.4,0.6,.667,1.0,1.2,2.2,1.8,0.2,0.2,1.8,0.8,2.0,,POR
15,Duop Reath,28,C,46,0,10.2,1.5,3.6,.422,0.7,2.3,.321,0.8,1.3,.600,.524,0.4,0.5,.909,1.0,1.0,2.0,0.6,0.3,0.3,0.3,0.9,4.2,,POR
16,Taze Moore,26,SG,2,0,10.0,1.0,5.0,.200,0.5,2.0,.250,0.5,3.0,.167,.250,0.5,1.0,.500,2.0,2.0,4.0,0.5,1.0,0.0,1.0,0.0,3.0,,POR
17,Rayan Rupert,20,SG,52,0,8.8,1.1,2.7,.408,0.3,1.1,.271,0.8,1.6,.506,.465,0.4,0.6,.767,0.5,0.8,1.3,0.5,0.3,0.1,0.6,0.7,3.0,,POR
18,Justin Minaya,25,SF,19,0,5.3,0.4,1.1,.381,0.1,0.5,.200,0.3,0.6,.545,.429,0.0,0.1,.000,0.3,0.3,0.5,0.4,0.3,0.1,0.3,0.6,0.9,,POR
19,Bryce McGowens,22,SG,13,0,2.5,0.3,1.1,.286,0.0,0.3,.000,0.3,0.8,.400,.286,0.4,0.5,.833,0.2,0.1,0.2,0.2,0.1,0.0,0.3,0.2,1.0,,POR
1,De'Aaron Fox,27,PG,45,45,37.0,9.2,19.6,.469,2.0,6.4,.322,7.2,13.3,.539,.521,4.5,5.5,.829,1.0,4.0,5.0,6.1,1.5,0.4,3.0,2.6,25.0,,SAC
2,Zach LaVine,29,SG,32,32,36.6,8.2,16.0,.511,3.2,7.2,.446,5.0,8.8,.564,.611,2.8,3.2,.874,0.3,3.2,3.5,3.8,0.6,0.1,2.7,1.8,22.4,,SAC
3,DeMar DeRozan,35,SF,77,77,35.9,8.1,17.0,.477,1.1,3.3,.328,7.0,13.7,.513,.509,4.9,5.7,.857,0.6,3.2,3.9,4.4,0.8,0.4,1.4,1.9,22.2,,SAC
4,Domantas Sabonis,28,C,70,70,34.7,7.5,12.8,.590,0.9,2.2,.417,6.6,10.5,.627,.627,3.1,4.1,.754,3.8,10.1,13.9,6.0,0.7,0.4,2.9,3.3,19.1,,SAC
5,Keegan Murray,24,PF,76,76,34.3,4.8,10.8,.444,2.0,5.9,.343,2.8,4.9,.566,.538,0.8,0.9,.833,1.9,4.8,6.7,1.4,0.8,0.9,0.8,2.4,12.4,,SAC
6,Malik Monk,26,SG,65,45,31.6,6.3,14.4,.439,2.1,6.6,.325,4.2,7.9,.534,.513,2.4,2.7,.865,0.5,3.3,3.8,5.6,0.9,0.6,2.4,2.4,17.2,,SAC
7,Keon Ellis,25,SG,80,28,24.4,2.8,5.8,.489,1.7,4.0,.433,1.1,1.8,.615,.639,0.9,1.1,.849,0.8,1.9,2.7,1.5,1.5,0.8,0.9,2.2,8.3,,SAC
8,Kevin Huerter,26,SG,43,15,20.9,3.0,7.2,.413,1.4,4.8,.302,1.5,2.4,.629,.513,0.5,0.7,.714,0.4,2.3,2.8,1.7,0.8,0.4,0.9,1.6,7.9,,SAC
9,Trey Lyles,29,PF,69,5,19.6,2.3,5.4,.420,1.2,3.4,.340,1.1,2.0,.559,.528,0.8,1.2,.700,1.2,3.4,4.6,1.2,0.6,0.3,0.6,1.2,6.5,,SAC
10,Jake LaRavia,23,PF,19,0,19.3,2.2,5.1,.438,1.1,2.7,.385,1.2,2.3,.500,.542,0.6,1.0,.579,1.2,1.6,2.8,1.3,0.9,0.2,0.9,2.1,6.1,,SAC
11,Jonas Valančiūnas,32,C,32,9,16.9,3.6,6.4,.556,0.0,0.3,.100,3.5,6.1,.579,.559,1.6,1.8,.847,2.2,4.8,7.0,1.8,0.5,0.6,1.0,2.6,8.7,,SAC
12,Jae Crowder,34,PF,9,2,11.4,0.8,2.4,.318,0.4,1.7,.267,0.3,0.8,.429,.409,0.6,0.7,.833,0.7,1.6,2.2,0.7,0.3,0.0,0.4,1.1,2.6,,SAC
13,Devin Carter,22,PG,36,0,11.0,1.3,3.5,.370,0.5,1.7,.295,0.8,1.8,.439,.441,0.7,1.2,.591,0.5,1.6,2.1,1.1,0.6,0.1,0.5,1.1,3.8,,SAC
14,Markelle Fultz,26,PG,21,0,8.8,1.3,3.2,.418,0.2,0.4,.500,1.1,2.8,.407,.448,0.0,0.0,1.000,0.3,0.7,1.0,1.3,0.5,0.1,0.7,0.6,2.9,,SAC
15,Doug McDermott,33,SF,42,3,8.1,1.2,2.8,.427,1.0,2.4,.436,0.1,0.4,.375,.615,0.1,0.1,.600,0.1,0.5,0.5,0.2,0.1,0.0,0.1,0.7,3.5,,SAC
16,Terence Davis,27,SG,1,0,8.0,0.0,2.0,.000,0.0,1.0,.000,0.0,1.0,.000,.000,0.0,0.0,,0.0,1.0,1.0,1.0,0.0,0.0,0.0,0.0,0.0,,SAC
17,Isaac Jones,24,PF,40,0,7.6,1.4,2.1,.651,0.1,0.2,.375,1.3,1.9,.680,.669,0.6,0.9,.639,0.6,0.9,1.4,0.3,0.1,0.3,0.4,0.8,3.4,,SAC
18,Alex Len,31,C,36,3,7.2,0.6,1.1,.537,0.0,0.2,.167,0.6,1.0,.600,.549,0.2,0.4,.538,0.7,1.1,1.8,0.8,0.2,0.5,0.3,1.0,1.4,,SAC
19,Jordan McLaughlin,28,PG,28,0,6.8,0.6,1.6,.364,0.4,0.9,.385,0.2,0.6,.333,.477,0.4,0.6,.688,0.1,0.6,0.8,0.9,0.4,0.0,0.4,0.5,1.9,,SAC
20,Orlando Robinson,24,C,9,0,6.3,0.8,1.9,.412,0.1,0.6,.200,0.7,1.3,.500,.441,0.4,0.8,.571,0.3,1.2,1.6,1.0,0.3,0.1,0.4,0.7,2.1,,SAC
21,Colby Jones,22,SG,24,0,5.4,0.5,1.1,.423,0.2,0.4,.400,0.3,0.7,.438,.500,0.0,0.0,,0.3,0.6,1.0,0.3,0.3,0.3,0.3,0.5,1.1,,SAC
22,Mason Jones,26,SG,10,0,4.5,0.9,1.8,.500,0.1,0.8,.125,0.8,1.0,.800,.528,0.4,0.5,.800,0.2,0.7,0.9,1.1,0.0,0.1,0.1,0.3,2.3,,SAC
23,Isaiah Crawford,23,SF,15,0,3.1,0.3,0.7,.455,0.1,0.3,.200,0.3,0.4,.667,.500,0.1,0.3,.500,0.1,0.5,0.5,0.1,0.1,0.1,0.1,0.1,0.9,,SAC
24,Skal Labissière,28,PF,4,0,3.0,0.5,1.0,.500,0.3,0.3,1.000,0.3,0.8,.333,.625,0.0,0.0,,0.3,0.5,0.8,0.3,0.0,0.0,0.0,0.3,1.3,,SAC
25,Terry Taylor,25,PF,3,0,2.0,0.0,0.3,.000,0.0,0.0,,0.0,0.3,.000,.000,0.0,0.0,,0.3,0.0,0.3,0.7,0.0,0.0,0.0,0.0,0.0,,SAC
1,De'Aaron Fox,27,PG,17,17,34.0,7.4,16.5,.446,1.5,5.6,.274,5.8,10.9,.535,.493,3.5,4.2,.819,0.5,3.8,4.3,6.8,1.5,0.3,2.4,2.7,19.7,,SAS
2,Victor Wembanyama,21,C,46,46,33.2,8.9,18.6,.476,3.1,8.8,.352,5.8,9.9,.586,.559,3.4,4.1,.836,1.8,9.2,11.0,3.7,1.1,3.8,3.2,2.3,24.3,,SAS
3,Devin Vassell,24,SG,64,53,31.0,6.2,13.9,.443,2.5,6.7,.368,3.7,7.2,.513,.532,1.5,1.9,.792,0.5,3.5,4.0,2.9,1.3,0.5,1.4,1.7,16.3,,SAS
4,Chris Paul,39,PG,82,82,28.0,3.0,7.1,.427,1.7,4.5,.377,1.3,2.6,.514,.547,1.0,1.1,.924,0.4,3.2,3.6,7.4,1.3,0.3,1.6,1.8,8.8,,SAS
5,Harrison Barnes,32,PF,82,82,27.2,4.2,8.3,.508,1.9,4.4,.433,2.3,3.9,.591,.622,2.0,2.4,.809,1.2,2.6,3.8,1.7,0.5,0.2,0.6,0.9,12.3,,SAS
6,Stephon Castle,20,PG,81,47,26.7,5.2,12.2,.428,1.2,4.1,.285,4.0,8.1,.501,.476,3.1,4.2,.724,1.1,2.6,3.7,4.1,0.9,0.3,2.2,2.0,14.7,,SAS
7,Jeremy Sochan,21,PF,54,23,25.3,4.6,8.7,.535,0.5,1.7,.308,4.1,7.0,.590,.565,1.6,2.3,.696,2.4,4.2,6.5,2.4,0.8,0.5,1.6,2.4,11.4,,SAS
8,Keldon Johnson,25,SF,77,0,23.9,4.8,10.0,.482,1.1,3.6,.318,3.7,6.4,.573,.538,1.9,2.5,.773,1.5,3.4,4.8,1.6,0.6,0.3,1.0,1.5,12.7,,SAS
9,Julian Champagnie,23,SF,82,29,23.6,3.4,8.1,.415,2.2,5.9,.371,1.2,2.3,.530,.549,1.0,1.1,.904,0.8,3.1,3.9,1.4,0.7,0.4,0.9,1.4,9.9,,SAS
10,Bismack Biyombo,32,C,28,26,18.9,2.4,4.1,.588,0.0,0.0,,2.4,4.1,.588,.588,0.4,0.9,.400,1.5,4.1,5.6,1.1,0.6,0.8,1.0,1.9,5.1,,SAS
11,Tre Jones,25,PG,28,0,16.1,1.6,3.3,.484,0.3,0.9,.308,1.3,2.4,.552,.527,0.9,1.2,.758,0.5,1.5,2.1,3.7,0.6,0.2,0.8,1.2,4.4,,SAS
12,Blake Wesley,21,SG,58,0,11.8,1.4,3.2,.435,0.3,1.0,.293,1.1,2.2,.500,.481,0.7,1.1,.623,0.3,0.8,1.1,2.0,0.6,0.1,0.9,0.8,3.7,,SAS
13,Zach Collins,27,C,36,4,11.8,1.7,3.7,.462,0.4,1.3,.304,1.3,2.4,.547,.515,0.9,1.0,.886,1.1,1.8,2.8,1.4,0.4,0.4,0.6,1.9,4.6,,SAS
14,Sandro Mamukelashvili,25,PF,61,0,11.2,2.3,4.6,.502,1.0,2.6,.373,1.3,2.0,.675,.609,0.7,1.0,.741,1.0,2.0,3.1,0.8,0.4,0.3,0.4,1.0,6.3,,SAS
15,Charles Bassey,24,C,36,1,10.4,1.9,3.3,.581,0.0,0.0,,1.9,3.3,.581,.581,0.6,0.9,.636,1.6,2.7,4.2,0.5,0.4,0.8,0.6,1.4,4.4,,SAS
16,Malaki Branham,21,SG,47,0,9.1,1.9,4.0,.458,0.7,1.8,.405,1.1,2.3,.500,.547,0.6,0.7,.818,0.1,0.9,1.1,0.8,0.2,0.0,0.7,0.6,5.0,,SAS
17,Riley Minix,24,SF,1,0,7.0,0.0,1.0,.000,0.0,1.0,.000,0.0,0.0,,.000,0.0,0.0,,0.0,2.0,2.0,0.0,0.0,0.0,0.0,0.0,0.0,,SAS
18,Harrison Ingram,22,SF,5,0,7.0,0.4,0.8,.500,0.0,0.2,.000,0.4,0.6,.667,.500,0.0,0.0,,0.4,1.4,1.8,0.6,0.6,0.0,0.2,0.4,0.8,,SAS
19,Jordan McLaughlin,28,PG,18,0,6.9,0.8,1.6,.536,0.5,1.1,.450,0.3,0.4,.750,.696,0.3,0.3,1.000,0.1,0.4,0.5,1.5,0.3,0.1,0.3,0.3,2.5,,SAS
20,David Duke Jr.,25,SG,6,0,5.7,1.0,2.3,.429,0.5,1.0,.500,0.5,1.3,.375,.536,0.2,0.3,.500,0.2,0.7,0.8,0.7,0.2,0.0,0.3,0.2,2.7,,SAS
21,Sidy Cissoko,20,SF,17,0,3.2,0.5,1.1,.500,0.2,0.4,.429,0.4,0.6,.545,.583,0.1,0.4,.167,0.2,0.4,0.6,0.4,0.1,0.0,0.1,0.4,1.3,,SAS
1,Scottie Barnes,23,PF,65,65,32.8,7.3,16.4,.446,1.2,4.3,.271,6.1,12.0,.508,.482,3.5,4.6,.755,1.7,6.0,7.7,5.8,1.4,1.0,2.8,1.7,19.3,,TOR
2,RJ Barrett,24,SF,58,58,32.2,7.9,16.9,.468,1.8,5.3,.350,6.1,11.7,.522,.523,3.4,5.4,.630,1.1,5.3,6.3,5.4,0.8,0.3,2.8,2.4,21.1,,TOR
3,Jakob Poeltl,29,C,57,56,29.6,6.4,10.2,.627,0.0,0.1,.333,6.4,10.1,.628,.628,1.7,2.5,.674,3.3,6.3,9.6,2.8,1.2,1.2,1.9,3.1,14.5,,TOR
4,Gradey Dick,21,SG,54,54,29.4,4.9,12.0,.410,2.1,6.0,.350,2.8,5.9,.470,.498,2.5,2.9,.858,0.8,2.8,3.6,1.8,0.9,0.2,1.5,2.2,14.4,,TOR
5,Immanuel Quickley,25,PG,33,33,27.8,5.6,13.3,.420,2.6,6.8,.378,3.0,6.5,.465,.517,3.4,3.9,.867,0.5,3.1,3.5,5.8,0.7,0.1,1.8,1.8,17.1,,TOR
6,Ochai Agbaji,24,SG,64,45,27.2,4.2,8.3,.498,1.6,4.0,.399,2.6,4.4,.587,.593,0.5,0.8,.708,1.0,2.8,3.8,1.5,0.9,0.5,0.8,2.0,10.4,,TOR
7,Colin Castleton,24,C,11,4,26.2,2.9,5.8,.500,0.2,0.7,.250,2.7,5.1,.536,.516,1.2,1.6,.722,3.1,3.8,6.9,1.6,0.5,0.7,1.9,2.9,7.2,,TOR
8,Davion Mitchell,26,PG,44,22,24.5,2.4,5.5,.434,1.0,2.7,.359,1.5,2.9,.504,.520,0.6,0.8,.676,0.4,1.6,1.9,4.6,0.7,0.2,1.8,2.6,6.3,,TOR
9,Jared Rhoden,25,SG,10,2,21.5,4.0,7.9,.506,1.2,3.7,.324,2.8,4.2,.667,.582,2.2,2.5,.880,1.2,2.6,3.8,1.4,0.9,0.2,0.8,1.9,11.4,,TOR
10,Ja'Kobe Walter,20,SG,52,18,21.2,3.1,7.6,.405,1.3,3.6,.349,1.8,4.0,.454,.487,1.3,1.6,.795,1.1,1.9,3.1,1.6,0.8,0.2,1.0,1.8,8.6,,TOR
11,Jonathan Mogbo,23,PF,63,18,20.4,2.5,5.7,.438,0.3,1.1,.243,2.2,4.5,.486,.462,1.0,1.3,.732,1.7,3.2,4.9,2.3,0.9,0.5,1.1,2.2,6.2,,TOR
12,Orlando Robinson,24,C,35,8,20.4,3.1,7.0,.447,0.5,1.3,.340,2.7,5.6,.472,.480,1.4,1.8,.794,2.5,3.4,5.9,1.9,0.4,0.4,1.3,2.7,8.1,,TOR
13,Bruce Brown,28,PG,18,0,19.6,3.2,7.3,.435,0.6,2.0,.306,2.6,5.3,.484,.477,1.4,1.6,.897,0.9,2.8,3.8,1.6,0.9,0.2,1.1,1.4,8.4,,TOR
14,Jamal Shead,22,PG,75,11,19.6,2.7,6.7,.405,1.0,3.0,.323,1.8,3.7,.470,.476,0.7,0.9,.768,0.4,1.1,1.5,4.2,0.8,0.1,1.6,2.1,7.1,,TOR
15,Cole Swider,25,SF,8,0,19.5,2.8,7.3,.379,1.9,5.3,.357,0.9,2.0,.438,.509,0.0,0.1,.000,0.6,2.5,3.1,0.3,0.5,0.3,0.5,1.4,7.4,,TOR
16,A.J. Lawson,24,SG,26,2,18.7,3.1,7.3,.421,1.3,3.9,.327,1.8,3.4,.528,.508,1.7,2.4,.683,0.8,2.5,3.3,1.2,0.5,0.2,0.6,1.7,9.1,,TOR
17,Jamison Battle,23,SF,59,10,17.7,2.5,5.9,.429,1.8,4.4,.405,0.7,1.5,.500,.581,0.3,0.3,.889,0.6,2.1,2.7,0.9,0.3,0.2,0.5,1.6,7.1,,TOR
18,Chris Boucher,32,PF,50,0,17.2,3.6,7.4,.492,1.4,3.9,.363,2.2,3.5,.633,.586,1.4,1.7,.782,1.4,3.1,4.5,0.7,0.5,0.5,0.6,1.4,10.0,,TOR
19,Kelly Olynyk,33,C,24,2,16.0,2.5,4.9,.500,0.8,1.8,.442,1.7,3.1,.533,.581,1.4,1.8,.791,1.0,2.7,3.7,2.3,0.7,0.3,1.5,2.5,7.1,,TOR
20,Bruno Fernando,26,C,17,2,8.6,1.5,2.9,.531,0.0,0.0,,1.5,2.9,.531,.531,0.4,0.5,.750,1.2,1.8,3.0,1.1,0.2,0.5,0.8,1.6,3.4,,TOR
21,D.J. Carton,24,SG,4,0,8.3,0.3,1.8,.143,0.0,0.8,.000,0.3,1.0,.250,.143,0.3,0.3,1.000,0.0,1.0,1.0,0.8,0.5,0.0,1.0,0.3,0.8,,TOR
22,Garrett Temple,38,SG,28,0,8.1,0.6,2.1,.300,0.2,1.0,.214,0.4,1.1,.375,.350,0.4,0.4,.917,0.3,0.7,1.0,1.1,0.6,0.1,0.4,0.8,1.9,,TOR
23,Ulrich Chomche,19,PF,7,0,4.6,0.3,0.7,.400,0.0,0.0,,0.3,0.7,.400,.400,0.1,0.3,.500,0.6,0.6,1.1,0.3,0.0,0.1,0.3,0.7,0.7,,TOR
1,Keyonte George,21,PG,67,35,31.5,5.4,13.7,.391,2.6,7.6,.343,2.8,6.1,.449,.485,3.5,4.3,.818,0.4,3.4,3.8,5.6,0.7,0.1,2.7,1.7,16.8,,UTA
2,Lauri Markkanen,27,PF,47,47,31.4,6.3,14.9,.423,2.9,8.5,.346,3.4,6.4,.525,.521,3.4,3.9,.876,1.5,4.4,5.9,1.5,0.7,0.4,1.4,1.7,19.0,,UTA
3,John Collins,27,PF,40,31,30.5,7.0,13.3,.527,1.5,3.7,.399,5.5,9.6,.577,.583,3.5,4.1,.848,2.2,6.0,8.2,2.0,1.0,1.0,2.6,2.9,19.0,,UTA
4,Walker Kessler,23,C,58,58,30.0,4.8,7.2,.663,0.1,0.6,.176,4.7,6.6,.706,.671,1.4,2.6,.520,4.6,7.6,12.2,1.7,0.6,2.4,1.5,2.2,11.1,,UTA
5,Collin Sexton,26,SG,63,61,27.9,6.6,13.8,.480,1.7,4.3,.406,4.9,9.5,.513,.543,3.4,4.0,.865,1.0,1.8,2.7,4.2,0.7,0.1,2.5,2.3,18.4,,UTA
6,Jordan Clarkson,32,SG,37,9,26.0,5.4,13.3,.408,2.3,6.3,.362,3.2,7.1,.448,.493,3.1,3.9,.797,0.7,2.5,3.2,3.7,0.8,0.2,2.3,1.4,16.2,,UTA
7,Isaiah Collier,20,PG,71,46,25.9,3.3,7.8,.422,0.6,2.4,.249,2.7,5.4,.497,.459,1.5,2.2,.682,0.5,2.9,3.3,6.3,0.9,0.2,2.9,2.1,8.7,,UTA
8,Taylor Hendricks,21,PF,3,3,25.0,1.3,6.0,.222,1.0,4.0,.250,0.3,2.0,.167,.306,1.0,1.3,.750,1.7,3.3,5.0,0.7,1.7,1.3,0.7,2.7,4.7,,UTA
9,KJ Martin,24,SF,19,9,22.7,2.6,5.4,.490,0.4,1.9,.189,2.3,3.4,.662,.525,0.7,0.9,.722,0.5,2.3,2.8,1.5,0.3,0.3,0.6,2.1,6.3,,UTA
10,Cody Williams,20,SG,50,21,21.2,1.7,5.1,.323,0.7,2.7,.259,1.0,2.4,.393,.391,0.6,0.8,.725,0.5,1.7,2.3,1.2,0.5,0.3,0.9,1.9,4.6,,UTA
11,Kyle Filipowski,21,C,72,27,21.1,3.6,7.2,.502,1.1,3.1,.350,2.5,4.1,.614,.576,1.3,2.0,.650,1.6,4.6,6.1,1.9,0.7,0.3,1.4,2.4,9.6,,UTA
12,Brice Sensabaugh,21,SF,71,15,20.2,3.9,8.4,.459,2.2,5.2,.422,1.7,3.2,.520,.590,0.9,1.0,.890,0.6,2.4,3.0,1.5,0.6,0.1,1.5,1.6,10.9,,UTA
13,Svi Mykhailiuk,27,SF,38,13,20.0,3.1,7.9,.391,1.8,5.3,.345,1.3,2.6,.485,.507,0.7,0.9,.800,0.6,1.8,2.4,2.0,0.5,0.2,1.4,1.1,8.8,,UTA
14,Johnny Juzang,23,SG,64,18,19.8,3.2,7.4,.429,1.8,4.9,.376,1.3,2.5,.534,.554,0.7,0.8,.849,0.7,2.2,2.9,1.1,0.6,0.1,0.6,2.0,8.9,,UTA
15,Micah Potter,26,C,38,10,18.6,1.5,3.6,.422,0.8,2.6,.316,0.7,1.0,.703,.537,0.4,0.5,.850,1.1,3.2,4.3,0.8,0.4,0.4,0.8,1.3,4.3,,UTA
16,Oscar Tshiebwe,25,C,14,1,18.2,3.0,5.0,.600,0.0,0.0,,3.0,5.0,.600,.600,1.6,2.2,.742,3.3,5.4,8.7,0.6,0.9,0.1,0.7,1.7,7.6,,UTA
17,Drew Eubanks,27,C,37,4,15.4,2.4,3.9,.607,0.1,0.1,.600,2.3,3.8,.607,.617,1.0,1.5,.632,1.1,3.5,4.5,1.2,0.3,0.9,0.8,1.2,5.8,,UTA
18,Patty Mills,36,PG,17,0,15.3,1.5,4.5,.342,1.0,3.4,.298,0.5,1.1,.474,.454,0.3,0.3,1.000,0.2,1.1,1.2,1.2,0.7,0.2,0.9,0.7,4.4,,UTA
19,Elijah Harkless,24,SG,10,0,13.8,1.1,3.5,.314,0.7,2.5,.280,0.4,1.0,.400,.414,0.3,0.6,.500,0.9,1.2,2.1,0.8,1.0,0.1,0.3,1.8,3.2,,UTA
20,Jaden Springer,22,PG,17,2,13.2,1.4,3.3,.411,0.4,1.7,.207,1.0,1.6,.630,.464,0.7,1.0,.706,0.8,1.2,2.0,1.4,0.7,0.2,0.7,1.5,3.8,,UTA
1,Bilal Coulibaly,20,SF,59,59,33.0,4.5,10.6,.421,1.1,3.8,.281,3.4,6.8,.500,.472,2.3,3.1,.746,1.5,3.4,5.0,3.4,1.3,0.7,2.1,2.4,12.3,,WAS
2,Bub Carrington,19,PG,82,57,30.0,3.7,9.1,.401,1.7,5.0,.339,2.0,4.2,.475,.493,0.8,1.0,.812,0.4,3.8,4.2,4.4,0.7,0.3,1.7,2.3,9.8,,WAS
3,Jordan Poole,25,SG,68,68,29.4,6.7,15.5,.432,3.5,9.1,.378,3.3,6.4,.510,.544,3.6,4.0,.883,0.5,2.5,3.0,4.5,1.3,0.4,3.0,3.0,20.5,,WAS
4,Kyle Kuzma,29,PF,32,30,27.7,6.0,14.2,.420,1.4,5.0,.281,4.6,9.2,.495,.469,1.8,3.1,.602,0.8,4.9,5.8,2.5,0.6,0.2,2.3,1.6,15.2,,WAS
5,Alex Sarr,19,C,67,67,27.1,4.9,12.4,.394,1.6,5.1,.308,3.3,7.3,.454,.457,1.7,2.5,.679,1.9,4.6,6.5,2.4,0.7,1.5,1.7,2.2,13.0,,WAS
6,AJ Johnson,20,SG,22,11,27.0,3.4,8.8,.381,1.0,3.9,.247,2.4,5.0,.486,.436,1.4,1.6,.886,0.4,2.0,2.4,3.1,0.5,0.1,1.4,2.3,9.1,,WAS
7,Kyshawn George,21,SG,68,38,26.5,3.0,8.0,.372,1.7,5.2,.322,1.3,2.8,.464,.476,1.0,1.4,.753,0.7,3.5,4.2,2.5,1.0,0.7,1.4,3.0,8.7,,WAS
8,Corey Kispert,25,SF,61,0,26.3,4.2,9.3,.451,2.0,5.4,.364,2.2,3.9,.574,.558,1.2,1.4,.852,0.6,2.4,3.0,1.7,0.4,0.2,1.0,1.6,11.6,,WAS
9,Colby Jones,22,SG,15,0,25.7,3.2,6.9,.466,0.8,2.6,.308,2.4,4.3,.563,.524,1.5,2.3,.657,0.9,3.4,4.3,2.5,1.3,0.4,1.1,1.6,8.7,,WAS
10,Malcolm Brogdon,32,PG,24,13,23.5,4.3,10.0,.433,0.7,2.3,.286,3.7,7.7,.478,.467,3.4,3.8,.880,0.9,2.9,3.8,4.1,0.5,0.2,1.6,1.3,12.7,,WAS
11,Khris Middleton,33,SF,14,14,22.1,3.7,9.0,.413,0.9,3.4,.277,2.8,5.6,.494,.464,2.4,2.7,.868,0.6,3.1,3.7,3.4,1.3,0.2,1.4,1.6,10.7,,WAS
12,Justin Champagnie,23,SF,62,31,21.6,3.4,6.6,.511,1.2,3.1,.383,2.2,3.5,.624,.601,0.8,1.2,.685,1.8,3.9,5.7,1.0,1.0,0.6,0.9,1.8,8.8,,WAS
13,Jonas Valančiūnas,32,C,49,12,20.1,4.7,8.6,.547,0.1,0.6,.259,4.6,8.1,.567,.556,1.9,2.2,.896,2.4,5.8,8.2,2.2,0.4,0.6,1.8,2.0,11.5,,WAS
14,JT Thor,22,PF,11,0,18.8,1.5,4.0,.364,0.3,1.4,.200,1.2,2.6,.448,.398,0.7,1.3,.571,1.5,2.3,3.8,0.5,0.5,0.5,0.3,1.0,3.9,,WAS
15,Marcus Smart,30,PG,15,1,18.7,3.2,7.3,.440,1.3,3.4,.392,1.9,3.9,.483,.532,1.6,2.3,.686,0.3,1.7,1.9,2.5,1.1,0.2,1.3,1.5,9.3,,WAS
16,Jaylen Martin,21,SF,13,0,18.0,2.3,5.5,.417,0.5,1.7,.273,1.8,3.8,.480,.458,0.7,0.8,.900,0.8,2.5,3.4,1.3,0.7,0.0,0.9,1.0,5.8,,WAS
17,Richaun Holmes,31,PF,31,7,17.2,2.9,4.5,.647,0.0,0.1,.000,2.9,4.4,.662,.647,1.6,1.9,.833,2.0,3.7,5.7,1.4,0.3,0.7,0.7,1.6,7.4,,WAS
18,Tristan Vukcevic,21,C,35,1,14.7,3.4,6.9,.496,1.1,2.9,.373,2.3,4.0,.586,.574,1.5,1.9,.776,0.7,3.0,3.7,1.1,0.3,0.7,1.2,1.6,9.4,,WAS
19,Jared Butler,24,PG,32,0,11.3,2.7,5.5,.483,0.5,1.3,.366,2.2,4.2,.519,.526,1.1,1.4,.778,0.4,0.8,1.3,2.6,0.4,0.2,0.9,1.3,6.9,,WAS
20,Marvin Bagley III,25,C,19,1,8.7,2.0,3.7,.535,0.1,0.5,.200,1.9,3.2,.590,.549,0.8,1.2,.652,1.4,1.5,2.9,0.4,0.4,0.3,0.6,0.6,4.9,,WAS
21,Anthony Gill,32,PF,51,0,7.8,0.8,1.7,.489,0.2,0.6,.323,0.6,1.1,.579,.545,0.6,1.0,.660,0.4,0.9,1.3,0.3,0.2,0.0,0.2,0.6,2.5,,WAS
22,Johnny Davis,22,SG,34,0,7.1,0.9,2.3,.410,0.2,0.9,.241,0.7,1.4,.510,.455,0.3,0.4,.600,0.3,0.8,1.1,0.3,0.4,0.2,0.2,0.5,2.4,,WAS
23,Patrick Baldwin Jr.,22,SF,22,0,4.6,0.8,1.5,.515,0.5,1.0,.524,0.3,0.5,.500,.682,0.1,0.2,.500,0.2,0.8,1.0,0.1,0.1,0.1,0.2,0.2,2.1,,WAS
24,Jalen McDaniels,27,SF,4,0,1.8,0.0,0.0,,0.0,0.0,,0.0,0.0,,,0.0,0.0,,0.0,0.0,0.0,0.3,0.3,0.0,0.0,0.0,0.0,,WAS
